,iter,f_sol,temp
0,1.0,11.0,1.8
1,2.0,11.0,1.8
2,3.0,11.0,1.8
3,4.0,8.0,1.62
4,5.0,8.0,1.62
5,6.0,7.0,1.4580000000000002
6,7.0,7.0,1.4580000000000002
7,8.0,7.0,1.4580000000000002
8,9.0,7.0,1.4580000000000002
9,10.0,7.0,1.4580000000000002
10,11.0,7.0,1.4580000000000002
11,12.0,6.0,1.3122000000000003
12,13.0,6.0,1.3122000000000003
13,14.0,6.0,1.3122000000000003
14,15.0,6.0,1.3122000000000003
15,16.0,6.0,1.1809800000000004
16,17.0,6.0,1.1809800000000004
17,18.0,6.0,1.1809800000000004
18,19.0,6.0,1.0628820000000003
19,20.0,6.0,1.0628820000000003
20,21.0,6.0,1.0628820000000003
21,22.0,6.0,1.0628820000000003
22,23.0,6.0,0.9565938000000003
23,24.0,5.0,0.8609344200000003
24,25.0,5.0,0.8609344200000003
25,26.0,5.0,0.8609344200000003
26,27.0,5.0,0.8609344200000003
27,28.0,5.0,0.8609344200000003
28,29.0,5.0,0.8609344200000003
29,30.0,5.0,0.8609344200000003
30,31.0,5.0,0.8609344200000003
31,32.0,5.0,0.8609344200000003
32,33.0,5.0,0.8609344200000003
33,34.0,5.0,0.8609344200000003
34,35.0,5.0,0.8609344200000003
35,36.0,5.0,0.8609344200000003
36,37.0,5.0,0.7748409780000003
37,38.0,5.0,0.7748409780000003
38,39.0,5.0,0.7748409780000003
39,40.0,5.0,0.7748409780000003
40,41.0,5.0,0.7748409780000003
41,42.0,5.0,0.7748409780000003
42,43.0,5.0,0.7748409780000003
43,44.0,5.0,0.7748409780000003
44,45.0,5.0,0.7748409780000003
45,46.0,5.0,0.7748409780000003
46,47.0,5.0,0.7748409780000003
47,48.0,5.0,0.7748409780000003
48,49.0,5.0,0.7748409780000003
49,50.0,5.0,0.7748409780000003
50,51.0,5.0,0.7748409780000003
51,52.0,5.0,0.7748409780000003
52,53.0,5.0,0.7748409780000003
53,54.0,5.0,0.7748409780000003
54,55.0,5.0,0.7748409780000003
55,56.0,5.0,0.6973568802000003
56,57.0,5.0,0.6973568802000003
57,58.0,5.0,0.6973568802000003
58,59.0,5.0,0.6973568802000003
59,60.0,5.0,0.6973568802000003
60,61.0,5.0,0.6973568802000003
61,62.0,5.0,0.6973568802000003
62,63.0,5.0,0.6973568802000003
63,64.0,5.0,0.6973568802000003
64,65.0,5.0,0.6276211921800003
65,66.0,5.0,0.6276211921800003
66,67.0,5.0,0.5648590729620003
67,68.0,5.0,0.5648590729620003
68,69.0,5.0,0.5648590729620003
69,70.0,5.0,0.5083731656658003
70,71.0,5.0,0.5083731656658003
71,72.0,5.0,0.5083731656658003
72,73.0,5.0,0.5083731656658003
73,74.0,5.0,0.5083731656658003
74,75.0,5.0,0.5083731656658003
75,76.0,5.0,0.5083731656658003
76,77.0,5.0,0.5083731656658003
77,78.0,5.0,0.5083731656658003
78,79.0,5.0,0.5083731656658003
79,80.0,5.0,0.5083731656658003
80,81.0,5.0,0.5083731656658003
81,82.0,5.0,0.5083731656658003
82,83.0,5.0,0.5083731656658003
83,84.0,5.0,0.5083731656658003
84,85.0,5.0,0.5083731656658003
85,86.0,5.0,0.5083731656658003
86,87.0,5.0,0.5083731656658003
87,88.0,5.0,0.5083731656658003
88,89.0,5.0,0.5083731656658003
89,90.0,4.0,0.45753584909922024
90,91.0,4.0,0.45753584909922024
91,92.0,4.0,0.45753584909922024
92,93.0,4.0,0.45753584909922024
93,94.0,4.0,0.45753584909922024
94,95.0,4.0,0.45753584909922024
95,96.0,4.0,0.45753584909922024
96,97.0,4.0,0.45753584909922024
97,98.0,4.0,0.45753584909922024
98,99.0,4.0,0.45753584909922024
99,100.0,4.0,0.45753584909922024
100,101.0,4.0,0.45753584909922024
101,102.0,4.0,0.45753584909922024
102,103.0,4.0,0.45753584909922024
103,104.0,4.0,0.45753584909922024
104,105.0,4.0,0.45753584909922024
105,106.0,4.0,0.45753584909922024
106,107.0,4.0,0.45753584909922024
107,108.0,4.0,0.45753584909922024
108,109.0,4.0,0.45753584909922024
109,110.0,4.0,0.45753584909922024
110,111.0,4.0,0.45753584909922024
111,112.0,4.0,0.45753584909922024
112,113.0,4.0,0.45753584909922024
113,114.0,4.0,0.45753584909922024
114,115.0,4.0,0.45753584909922024
115,116.0,4.0,0.45753584909922024
116,117.0,4.0,0.45753584909922024
117,118.0,4.0,0.45753584909922024
118,119.0,4.0,0.45753584909922024
119,120.0,4.0,0.45753584909922024
120,121.0,4.0,0.45753584909922024
121,122.0,4.0,0.45753584909922024
122,123.0,4.0,0.45753584909922024
123,124.0,4.0,0.45753584909922024
124,125.0,4.0,0.45753584909922024
125,126.0,4.0,0.45753584909922024
126,127.0,4.0,0.45753584909922024
127,128.0,4.0,0.45753584909922024
128,129.0,4.0,0.45753584909922024
129,130.0,4.0,0.45753584909922024
130,131.0,4.0,0.45753584909922024
131,132.0,4.0,0.45753584909922024
132,133.0,4.0,0.4117822641892982
133,134.0,4.0,0.4117822641892982
134,135.0,4.0,0.4117822641892982
135,136.0,4.0,0.4117822641892982
136,137.0,4.0,0.4117822641892982
137,138.0,4.0,0.4117822641892982
138,139.0,4.0,0.3706040377703684
139,140.0,4.0,0.3706040377703684
140,141.0,4.0,0.3706040377703684
141,142.0,4.0,0.3706040377703684
142,143.0,4.0,0.3706040377703684
143,144.0,4.0,0.3706040377703684
144,145.0,4.0,0.3706040377703684
145,146.0,4.0,0.3706040377703684
146,147.0,4.0,0.3706040377703684
147,148.0,4.0,0.3706040377703684
148,149.0,4.0,0.3706040377703684
149,150.0,4.0,0.3706040377703684
150,151.0,4.0,0.3706040377703684
151,152.0,4.0,0.3706040377703684
152,153.0,4.0,0.3706040377703684
153,154.0,4.0,0.3706040377703684
154,155.0,4.0,0.3706040377703684
155,156.0,4.0,0.3706040377703684
156,157.0,4.0,0.3706040377703684
157,158.0,4.0,0.3706040377703684
158,159.0,4.0,0.3706040377703684
159,160.0,4.0,0.3706040377703684
160,161.0,4.0,0.3706040377703684
161,162.0,4.0,0.3706040377703684
162,163.0,4.0,0.3706040377703684
163,164.0,4.0,0.3706040377703684
164,165.0,4.0,0.3706040377703684
165,166.0,4.0,0.3706040377703684
166,167.0,4.0,0.3706040377703684
167,168.0,4.0,0.3706040377703684
168,169.0,4.0,0.3706040377703684
169,170.0,4.0,0.3706040377703684
170,171.0,4.0,0.3706040377703684
171,172.0,4.0,0.3706040377703684
172,173.0,4.0,0.3706040377703684
173,174.0,4.0,0.3706040377703684
174,175.0,4.0,0.3706040377703684
175,176.0,4.0,0.3706040377703684
176,177.0,4.0,0.3706040377703684
177,178.0,4.0,0.3706040377703684
178,179.0,4.0,0.3706040377703684
179,180.0,4.0,0.3706040377703684
180,181.0,4.0,0.3706040377703684
181,182.0,4.0,0.3706040377703684
182,183.0,4.0,0.3706040377703684
183,184.0,4.0,0.3706040377703684
184,185.0,4.0,0.3706040377703684
185,186.0,4.0,0.3706040377703684
186,187.0,4.0,0.3706040377703684
187,188.0,4.0,0.3706040377703684
188,189.0,4.0,0.3706040377703684
189,190.0,4.0,0.3706040377703684
190,191.0,4.0,0.3706040377703684
191,192.0,4.0,0.3706040377703684
192,193.0,4.0,0.3706040377703684
193,194.0,4.0,0.3706040377703684
194,195.0,4.0,0.3706040377703684
195,196.0,4.0,0.3706040377703684
196,197.0,4.0,0.3706040377703684
197,198.0,4.0,0.3706040377703684
198,199.0,4.0,0.3706040377703684
199,200.0,4.0,0.3706040377703684
200,201.0,4.0,0.3706040377703684
201,202.0,4.0,0.3706040377703684
202,203.0,4.0,0.3706040377703684
203,204.0,4.0,0.3706040377703684
204,205.0,4.0,0.3706040377703684
205,206.0,4.0,0.3706040377703684
206,207.0,4.0,0.3706040377703684
207,208.0,4.0,0.3706040377703684
208,209.0,4.0,0.3706040377703684
209,210.0,4.0,0.3706040377703684
210,211.0,4.0,0.3706040377703684
211,212.0,4.0,0.3706040377703684
212,213.0,4.0,0.3706040377703684
213,214.0,4.0,0.3706040377703684
214,215.0,4.0,0.3706040377703684
215,216.0,4.0,0.3706040377703684
216,217.0,4.0,0.3706040377703684
217,218.0,4.0,0.3706040377703684
218,219.0,4.0,0.3706040377703684
219,220.0,4.0,0.3706040377703684
220,221.0,4.0,0.3706040377703684
221,222.0,4.0,0.3706040377703684
222,223.0,4.0,0.3706040377703684
223,224.0,4.0,0.3706040377703684
224,225.0,4.0,0.33354363399333153
225,226.0,4.0,0.33354363399333153
226,227.0,4.0,0.33354363399333153
227,228.0,4.0,0.33354363399333153
228,229.0,4.0,0.33354363399333153
229,230.0,4.0,0.33354363399333153
230,231.0,4.0,0.33354363399333153
231,232.0,4.0,0.33354363399333153
232,233.0,4.0,0.33354363399333153
233,234.0,4.0,0.33354363399333153
234,235.0,4.0,0.33354363399333153
235,236.0,4.0,0.33354363399333153
236,237.0,4.0,0.33354363399333153
237,238.0,4.0,0.33354363399333153
238,239.0,4.0,0.33354363399333153
239,240.0,4.0,0.33354363399333153
240,241.0,4.0,0.33354363399333153
241,242.0,4.0,0.33354363399333153
242,243.0,4.0,0.33354363399333153
243,244.0,4.0,0.33354363399333153
244,245.0,4.0,0.33354363399333153
245,246.0,4.0,0.33354363399333153
246,247.0,4.0,0.33354363399333153
247,248.0,4.0,0.33354363399333153
248,249.0,4.0,0.33354363399333153
249,250.0,4.0,0.33354363399333153
250,251.0,4.0,0.33354363399333153
251,252.0,4.0,0.33354363399333153
252,253.0,4.0,0.33354363399333153
253,254.0,4.0,0.33354363399333153
254,255.0,4.0,0.33354363399333153
255,256.0,4.0,0.33354363399333153
256,257.0,4.0,0.33354363399333153
257,258.0,4.0,0.33354363399333153
258,259.0,4.0,0.33354363399333153
259,260.0,4.0,0.33354363399333153
260,261.0,4.0,0.33354363399333153
261,262.0,4.0,0.33354363399333153
262,263.0,4.0,0.33354363399333153
263,264.0,4.0,0.33354363399333153
264,265.0,4.0,0.33354363399333153
265,266.0,4.0,0.33354363399333153
266,267.0,4.0,0.33354363399333153
267,268.0,4.0,0.33354363399333153
268,269.0,4.0,0.33354363399333153
269,270.0,4.0,0.33354363399333153
270,271.0,4.0,0.33354363399333153
271,272.0,4.0,0.33354363399333153
272,273.0,4.0,0.33354363399333153
273,274.0,4.0,0.33354363399333153
274,275.0,4.0,0.33354363399333153
275,276.0,4.0,0.33354363399333153
276,277.0,4.0,0.33354363399333153
277,278.0,4.0,0.33354363399333153
278,279.0,4.0,0.33354363399333153
279,280.0,4.0,0.33354363399333153
280,281.0,4.0,0.33354363399333153
281,282.0,4.0,0.33354363399333153
282,283.0,4.0,0.33354363399333153
283,284.0,4.0,0.33354363399333153
284,285.0,4.0,0.33354363399333153
285,286.0,4.0,0.33354363399333153
286,287.0,4.0,0.33354363399333153
287,288.0,4.0,0.33354363399333153
288,289.0,4.0,0.33354363399333153
289,290.0,4.0,0.33354363399333153
290,291.0,4.0,0.33354363399333153
291,292.0,4.0,0.33354363399333153
292,293.0,4.0,0.33354363399333153
293,294.0,4.0,0.33354363399333153
294,295.0,4.0,0.33354363399333153
295,296.0,4.0,0.33354363399333153
296,297.0,4.0,0.33354363399333153
297,298.0,4.0,0.33354363399333153
298,299.0,4.0,0.33354363399333153
299,300.0,4.0,0.33354363399333153
300,301.0,4.0,0.33354363399333153
301,302.0,4.0,0.33354363399333153
302,303.0,4.0,0.33354363399333153
303,304.0,4.0,0.33354363399333153
304,305.0,4.0,0.33354363399333153
305,306.0,4.0,0.33354363399333153
306,307.0,4.0,0.33354363399333153
307,308.0,4.0,0.3001892705939984
308,309.0,4.0,0.3001892705939984
309,310.0,4.0,0.3001892705939984
310,311.0,4.0,0.3001892705939984
311,312.0,4.0,0.3001892705939984
312,313.0,4.0,0.3001892705939984
313,314.0,4.0,0.3001892705939984
314,315.0,4.0,0.3001892705939984
315,316.0,4.0,0.3001892705939984
316,317.0,4.0,0.3001892705939984
317,318.0,4.0,0.3001892705939984
318,319.0,4.0,0.3001892705939984
319,320.0,4.0,0.3001892705939984
320,321.0,4.0,0.3001892705939984
321,322.0,4.0,0.3001892705939984
322,323.0,4.0,0.3001892705939984
323,324.0,4.0,0.3001892705939984
324,325.0,4.0,0.3001892705939984
325,326.0,4.0,0.3001892705939984
326,327.0,4.0,0.3001892705939984
327,328.0,4.0,0.3001892705939984
328,329.0,4.0,0.3001892705939984
329,330.0,4.0,0.3001892705939984
330,331.0,4.0,0.3001892705939984
331,332.0,4.0,0.3001892705939984
332,333.0,4.0,0.3001892705939984
333,334.0,4.0,0.3001892705939984
334,335.0,4.0,0.3001892705939984
335,336.0,4.0,0.27017034353459857
336,337.0,4.0,0.27017034353459857
337,338.0,4.0,0.27017034353459857
338,339.0,4.0,0.24315330918113873
339,340.0,4.0,0.24315330918113873
340,341.0,4.0,0.24315330918113873
341,342.0,4.0,0.24315330918113873
342,343.0,4.0,0.24315330918113873
343,344.0,4.0,0.24315330918113873
344,345.0,4.0,0.24315330918113873
345,346.0,4.0,0.24315330918113873
346,347.0,4.0,0.24315330918113873
347,348.0,4.0,0.24315330918113873
348,349.0,4.0,0.24315330918113873
349,350.0,4.0,0.24315330918113873
350,351.0,4.0,0.24315330918113873
351,352.0,4.0,0.24315330918113873
352,353.0,4.0,0.24315330918113873
353,354.0,4.0,0.24315330918113873
354,355.0,4.0,0.24315330918113873
355,356.0,4.0,0.24315330918113873
356,357.0,4.0,0.24315330918113873
357,358.0,4.0,0.24315330918113873
358,359.0,4.0,0.24315330918113873
359,360.0,4.0,0.24315330918113873
360,361.0,4.0,0.24315330918113873
361,362.0,4.0,0.24315330918113873
362,363.0,4.0,0.24315330918113873
363,364.0,4.0,0.24315330918113873
364,365.0,4.0,0.24315330918113873
365,366.0,4.0,0.24315330918113873
366,367.0,4.0,0.24315330918113873
367,368.0,4.0,0.24315330918113873
368,369.0,4.0,0.24315330918113873
369,370.0,4.0,0.24315330918113873
370,371.0,4.0,0.24315330918113873
371,372.0,4.0,0.24315330918113873
372,373.0,4.0,0.24315330918113873
373,374.0,4.0,0.24315330918113873
374,375.0,4.0,0.24315330918113873
375,376.0,4.0,0.24315330918113873
376,377.0,4.0,0.24315330918113873
377,378.0,4.0,0.24315330918113873
378,379.0,4.0,0.24315330918113873
379,380.0,4.0,0.24315330918113873
380,381.0,4.0,0.24315330918113873
381,382.0,4.0,0.24315330918113873
382,383.0,4.0,0.24315330918113873
383,384.0,4.0,0.24315330918113873
384,385.0,4.0,0.24315330918113873
385,386.0,4.0,0.24315330918113873
386,387.0,4.0,0.24315330918113873
387,388.0,4.0,0.24315330918113873
388,389.0,4.0,0.24315330918113873
389,390.0,4.0,0.24315330918113873
390,391.0,4.0,0.24315330918113873
391,392.0,4.0,0.24315330918113873
392,393.0,4.0,0.24315330918113873
393,394.0,4.0,0.24315330918113873
394,395.0,4.0,0.24315330918113873
395,396.0,4.0,0.24315330918113873
396,397.0,4.0,0.24315330918113873
397,398.0,4.0,0.24315330918113873
398,399.0,4.0,0.24315330918113873
399,400.0,4.0,0.24315330918113873
400,401.0,4.0,0.24315330918113873
401,402.0,4.0,0.24315330918113873
402,403.0,4.0,0.24315330918113873
403,404.0,4.0,0.24315330918113873
404,405.0,4.0,0.24315330918113873
405,406.0,4.0,0.24315330918113873
406,407.0,4.0,0.24315330918113873
407,408.0,3.0,0.21883797826302487
408,409.0,3.0,0.21883797826302487
409,410.0,3.0,0.21883797826302487
410,411.0,3.0,0.21883797826302487
411,412.0,3.0,0.21883797826302487
412,413.0,3.0,0.21883797826302487
413,414.0,3.0,0.21883797826302487
414,415.0,3.0,0.21883797826302487
415,416.0,3.0,0.21883797826302487
416,417.0,3.0,0.21883797826302487
417,418.0,3.0,0.21883797826302487
418,419.0,3.0,0.21883797826302487
419,420.0,3.0,0.21883797826302487
420,421.0,3.0,0.21883797826302487
421,422.0,3.0,0.21883797826302487
422,423.0,3.0,0.21883797826302487
423,424.0,3.0,0.21883797826302487
424,425.0,3.0,0.21883797826302487
425,426.0,3.0,0.21883797826302487
426,427.0,3.0,0.21883797826302487
427,428.0,3.0,0.21883797826302487
428,429.0,3.0,0.21883797826302487
429,430.0,3.0,0.21883797826302487
430,431.0,3.0,0.21883797826302487
431,432.0,3.0,0.21883797826302487
432,433.0,3.0,0.21883797826302487
433,434.0,3.0,0.21883797826302487
434,435.0,3.0,0.21883797826302487
435,436.0,3.0,0.21883797826302487
436,437.0,3.0,0.21883797826302487
437,438.0,3.0,0.21883797826302487
438,439.0,3.0,0.21883797826302487
439,440.0,3.0,0.21883797826302487
440,441.0,3.0,0.21883797826302487
441,442.0,3.0,0.21883797826302487
442,443.0,3.0,0.21883797826302487
443,444.0,3.0,0.21883797826302487
444,445.0,3.0,0.21883797826302487
445,446.0,3.0,0.21883797826302487
446,447.0,3.0,0.21883797826302487
447,448.0,3.0,0.21883797826302487
448,449.0,3.0,0.21883797826302487
449,450.0,3.0,0.21883797826302487
450,451.0,3.0,0.21883797826302487
451,452.0,3.0,0.21883797826302487
452,453.0,3.0,0.21883797826302487
453,454.0,3.0,0.21883797826302487
454,455.0,3.0,0.21883797826302487
455,456.0,3.0,0.21883797826302487
456,457.0,3.0,0.21883797826302487
457,458.0,3.0,0.21883797826302487
458,459.0,3.0,0.21883797826302487
459,460.0,3.0,0.21883797826302487
460,461.0,3.0,0.21883797826302487
461,462.0,3.0,0.21883797826302487
462,463.0,3.0,0.21883797826302487
463,464.0,3.0,0.21883797826302487
464,465.0,3.0,0.21883797826302487
465,466.0,3.0,0.21883797826302487
466,467.0,3.0,0.21883797826302487
467,468.0,3.0,0.21883797826302487
468,469.0,3.0,0.21883797826302487
469,470.0,3.0,0.21883797826302487
470,471.0,3.0,0.21883797826302487
471,472.0,3.0,0.21883797826302487
472,473.0,3.0,0.21883797826302487
473,474.0,3.0,0.21883797826302487
474,475.0,3.0,0.21883797826302487
475,476.0,3.0,0.21883797826302487
476,477.0,3.0,0.21883797826302487
477,478.0,3.0,0.21883797826302487
478,479.0,3.0,0.21883797826302487
479,480.0,3.0,0.21883797826302487
480,481.0,3.0,0.21883797826302487
481,482.0,3.0,0.21883797826302487
482,483.0,3.0,0.21883797826302487
483,484.0,3.0,0.21883797826302487
484,485.0,3.0,0.21883797826302487
485,486.0,3.0,0.21883797826302487
486,487.0,3.0,0.21883797826302487
487,488.0,3.0,0.21883797826302487
488,489.0,3.0,0.21883797826302487
489,490.0,3.0,0.21883797826302487
490,491.0,3.0,0.21883797826302487
491,492.0,3.0,0.21883797826302487
492,493.0,3.0,0.21883797826302487
493,494.0,3.0,0.21883797826302487
494,495.0,3.0,0.21883797826302487
495,496.0,3.0,0.21883797826302487
496,497.0,3.0,0.21883797826302487
497,498.0,3.0,0.21883797826302487
498,499.0,3.0,0.21883797826302487
499,500.0,3.0,0.21883797826302487
500,501.0,3.0,0.21883797826302487
501,502.0,3.0,0.21883797826302487
502,503.0,3.0,0.21883797826302487
503,504.0,3.0,0.21883797826302487
504,505.0,3.0,0.21883797826302487
505,506.0,3.0,0.21883797826302487
506,507.0,3.0,0.21883797826302487
507,508.0,3.0,2.0
508,509.0,3.0,2.0
509,510.0,3.0,2.0
510,511.0,3.0,2.0
511,512.0,3.0,2.0
512,513.0,3.0,2.0
513,514.0,3.0,1.8
514,515.0,3.0,1.8
515,516.0,3.0,1.8
516,517.0,3.0,1.8
517,518.0,3.0,1.8
518,519.0,3.0,1.8
519,520.0,3.0,1.8
520,521.0,3.0,1.8
521,522.0,3.0,1.8
522,523.0,3.0,1.8
523,524.0,3.0,1.62
524,525.0,3.0,1.62
525,526.0,3.0,1.62
526,527.0,3.0,1.4580000000000002
527,528.0,3.0,1.4580000000000002
528,529.0,3.0,1.4580000000000002
529,530.0,3.0,1.4580000000000002
530,531.0,3.0,1.4580000000000002
531,532.0,3.0,1.4580000000000002
532,533.0,3.0,1.4580000000000002
533,534.0,3.0,1.4580000000000002
534,535.0,3.0,1.4580000000000002
535,536.0,3.0,1.4580000000000002
536,537.0,3.0,1.4580000000000002
537,538.0,3.0,1.4580000000000002
538,539.0,3.0,1.4580000000000002
539,540.0,3.0,1.4580000000000002
540,541.0,3.0,1.3122000000000003
541,542.0,3.0,1.3122000000000003
542,543.0,3.0,1.3122000000000003
543,544.0,3.0,1.1809800000000004
544,545.0,3.0,1.1809800000000004
545,546.0,3.0,1.1809800000000004
546,547.0,3.0,1.1809800000000004
547,548.0,3.0,1.1809800000000004
548,549.0,3.0,1.1809800000000004
549,550.0,3.0,1.1809800000000004
550,551.0,3.0,1.0628820000000003
551,552.0,3.0,1.0628820000000003
552,553.0,3.0,1.0628820000000003
553,554.0,3.0,1.0628820000000003
554,555.0,3.0,0.9565938000000003
555,556.0,3.0,0.9565938000000003
556,557.0,3.0,0.9565938000000003
557,558.0,3.0,0.9565938000000003
558,559.0,3.0,0.9565938000000003
559,560.0,3.0,0.9565938000000003
560,561.0,3.0,0.9565938000000003
561,562.0,3.0,0.9565938000000003
562,563.0,3.0,0.9565938000000003
563,564.0,3.0,0.9565938000000003
564,565.0,3.0,0.9565938000000003
565,566.0,3.0,0.9565938000000003
566,567.0,3.0,0.9565938000000003
567,568.0,3.0,0.9565938000000003
568,569.0,3.0,0.9565938000000003
569,570.0,3.0,0.9565938000000003
570,571.0,3.0,0.9565938000000003
571,572.0,3.0,0.9565938000000003
572,573.0,3.0,0.9565938000000003
573,574.0,3.0,0.9565938000000003
574,575.0,3.0,0.9565938000000003
575,576.0,3.0,0.9565938000000003
576,577.0,3.0,0.9565938000000003
577,578.0,3.0,0.9565938000000003
578,579.0,3.0,0.9565938000000003
579,580.0,3.0,0.9565938000000003
580,581.0,3.0,0.8609344200000003
581,582.0,3.0,0.8609344200000003
582,583.0,3.0,0.8609344200000003
583,584.0,3.0,0.7748409780000003
584,585.0,3.0,0.7748409780000003
585,586.0,3.0,0.7748409780000003
586,587.0,3.0,0.7748409780000003
587,588.0,3.0,0.7748409780000003
588,589.0,3.0,0.7748409780000003
589,590.0,3.0,0.6973568802000003
590,591.0,3.0,0.6973568802000003
591,592.0,3.0,0.6973568802000003
592,593.0,3.0,0.6973568802000003
593,594.0,3.0,0.6973568802000003
594,595.0,3.0,0.6973568802000003
595,596.0,3.0,0.6973568802000003
596,597.0,3.0,0.6973568802000003
597,598.0,3.0,0.6973568802000003
598,599.0,3.0,0.6973568802000003
599,600.0,3.0,0.6973568802000003
600,601.0,3.0,0.6276211921800003
601,602.0,3.0,0.6276211921800003
602,603.0,3.0,0.6276211921800003
603,604.0,3.0,0.5648590729620003
604,605.0,3.0,0.5648590729620003
605,606.0,3.0,0.5648590729620003
606,607.0,3.0,0.5648590729620003
607,608.0,3.0,0.5648590729620003
608,609.0,3.0,0.5648590729620003
609,610.0,3.0,0.5648590729620003
610,611.0,3.0,0.5648590729620003
611,612.0,3.0,0.5648590729620003
612,613.0,3.0,0.5648590729620003
613,614.0,3.0,0.5648590729620003
614,615.0,3.0,0.5648590729620003
615,616.0,3.0,0.5083731656658003
616,617.0,3.0,0.5083731656658003
617,618.0,3.0,0.5083731656658003
618,619.0,3.0,0.5083731656658003
619,620.0,3.0,0.5083731656658003
620,621.0,3.0,0.5083731656658003
621,622.0,3.0,0.5083731656658003
622,623.0,3.0,0.5083731656658003
623,624.0,3.0,0.5083731656658003
624,625.0,3.0,0.5083731656658003
625,626.0,3.0,0.5083731656658003
626,627.0,3.0,0.5083731656658003
627,628.0,3.0,0.5083731656658003
628,629.0,3.0,0.5083731656658003
629,630.0,3.0,0.5083731656658003
630,631.0,3.0,0.5083731656658003
631,632.0,3.0,0.45753584909922024
632,633.0,3.0,0.45753584909922024
633,634.0,3.0,0.45753584909922024
634,635.0,3.0,0.45753584909922024
635,636.0,3.0,0.45753584909922024
636,637.0,3.0,0.45753584909922024
637,638.0,3.0,0.45753584909922024
638,639.0,3.0,0.45753584909922024
639,640.0,3.0,0.45753584909922024
640,641.0,3.0,0.45753584909922024
641,642.0,3.0,0.45753584909922024
642,643.0,3.0,0.45753584909922024
643,644.0,3.0,0.45753584909922024
644,645.0,3.0,0.45753584909922024
645,646.0,3.0,0.45753584909922024
646,647.0,3.0,0.4117822641892982
647,648.0,3.0,0.4117822641892982
648,649.0,3.0,0.4117822641892982
649,650.0,3.0,0.4117822641892982
650,651.0,3.0,0.4117822641892982
651,652.0,3.0,0.4117822641892982
652,653.0,3.0,0.4117822641892982
653,654.0,3.0,0.4117822641892982
654,655.0,3.0,0.4117822641892982
655,656.0,3.0,0.4117822641892982
656,657.0,3.0,0.4117822641892982
657,658.0,3.0,0.4117822641892982
658,659.0,3.0,0.4117822641892982
659,660.0,3.0,0.4117822641892982
660,661.0,3.0,0.4117822641892982
661,662.0,3.0,0.4117822641892982
662,663.0,3.0,0.4117822641892982
663,664.0,3.0,0.4117822641892982
664,665.0,3.0,0.4117822641892982
665,666.0,3.0,0.4117822641892982
666,667.0,3.0,0.4117822641892982
667,668.0,3.0,0.4117822641892982
668,669.0,3.0,0.4117822641892982
669,670.0,3.0,0.4117822641892982
670,671.0,3.0,0.4117822641892982
671,672.0,3.0,0.3706040377703684
672,673.0,3.0,0.3706040377703684
673,674.0,3.0,0.3706040377703684
674,675.0,3.0,0.3706040377703684
675,676.0,3.0,0.3706040377703684
676,677.0,3.0,0.3706040377703684
677,678.0,3.0,0.3706040377703684
678,679.0,3.0,0.3706040377703684
679,680.0,3.0,0.3706040377703684
680,681.0,3.0,0.3706040377703684
681,682.0,3.0,0.3706040377703684
682,683.0,3.0,0.3706040377703684
683,684.0,3.0,0.3706040377703684
684,685.0,3.0,0.3706040377703684
685,686.0,3.0,0.3706040377703684
686,687.0,3.0,0.3706040377703684
687,688.0,3.0,0.3706040377703684
688,689.0,3.0,0.3706040377703684
689,690.0,3.0,0.3706040377703684
690,691.0,3.0,0.3706040377703684
691,692.0,3.0,0.3706040377703684
692,693.0,3.0,0.3706040377703684
693,694.0,3.0,0.3706040377703684
694,695.0,3.0,0.3706040377703684
695,696.0,3.0,0.3706040377703684
696,697.0,3.0,0.33354363399333153
697,698.0,3.0,0.33354363399333153
698,699.0,3.0,0.33354363399333153
699,700.0,3.0,0.33354363399333153
700,701.0,3.0,0.33354363399333153
701,702.0,3.0,0.3001892705939984
702,703.0,3.0,0.3001892705939984
703,704.0,3.0,0.3001892705939984
704,705.0,3.0,0.3001892705939984
705,706.0,3.0,0.3001892705939984
706,707.0,3.0,0.3001892705939984
707,708.0,3.0,0.3001892705939984
708,709.0,3.0,0.3001892705939984
709,710.0,3.0,0.3001892705939984
710,711.0,3.0,0.3001892705939984
711,712.0,3.0,0.3001892705939984
712,713.0,3.0,0.3001892705939984
713,714.0,3.0,0.3001892705939984
714,715.0,3.0,0.3001892705939984
715,716.0,3.0,0.3001892705939984
716,717.0,3.0,0.3001892705939984
717,718.0,3.0,0.3001892705939984
718,719.0,3.0,0.3001892705939984
719,720.0,3.0,0.3001892705939984
720,721.0,3.0,0.3001892705939984
721,722.0,3.0,0.3001892705939984
722,723.0,3.0,0.3001892705939984
723,724.0,3.0,0.3001892705939984
724,725.0,3.0,0.3001892705939984
725,726.0,3.0,0.3001892705939984
726,727.0,3.0,0.3001892705939984
727,728.0,3.0,0.3001892705939984
728,729.0,3.0,0.3001892705939984
729,730.0,3.0,0.3001892705939984
730,731.0,3.0,0.3001892705939984
731,732.0,3.0,0.3001892705939984
732,733.0,3.0,0.3001892705939984
733,734.0,3.0,0.3001892705939984
734,735.0,3.0,0.3001892705939984
735,736.0,3.0,0.3001892705939984
736,737.0,3.0,0.3001892705939984
737,738.0,3.0,0.3001892705939984
738,739.0,3.0,0.3001892705939984
739,740.0,3.0,0.3001892705939984
740,741.0,3.0,0.3001892705939984
741,742.0,3.0,0.3001892705939984
742,743.0,3.0,0.3001892705939984
743,744.0,3.0,0.3001892705939984
744,745.0,3.0,0.27017034353459857
745,746.0,3.0,0.27017034353459857
746,747.0,3.0,0.27017034353459857
747,748.0,3.0,0.27017034353459857
748,749.0,3.0,0.27017034353459857
749,750.0,3.0,0.27017034353459857
750,751.0,3.0,0.27017034353459857
751,752.0,3.0,0.27017034353459857
752,753.0,3.0,0.27017034353459857
753,754.0,3.0,0.27017034353459857
754,755.0,3.0,0.27017034353459857
755,756.0,3.0,0.27017034353459857
756,757.0,3.0,0.27017034353459857
757,758.0,3.0,0.27017034353459857
758,759.0,3.0,0.27017034353459857
759,760.0,3.0,0.27017034353459857
760,761.0,3.0,0.27017034353459857
761,762.0,3.0,0.27017034353459857
762,763.0,3.0,0.27017034353459857
763,764.0,3.0,0.27017034353459857
764,765.0,3.0,0.27017034353459857
765,766.0,3.0,0.27017034353459857
766,767.0,3.0,0.27017034353459857
767,768.0,3.0,0.27017034353459857
768,769.0,3.0,0.27017034353459857
769,770.0,3.0,0.27017034353459857
770,771.0,3.0,0.27017034353459857
771,772.0,3.0,0.27017034353459857
772,773.0,3.0,0.27017034353459857
773,774.0,3.0,0.27017034353459857
774,775.0,3.0,0.27017034353459857
775,776.0,3.0,0.27017034353459857
776,777.0,3.0,0.27017034353459857
777,778.0,3.0,0.24315330918113873
778,779.0,3.0,0.24315330918113873
779,780.0,3.0,0.24315330918113873
780,781.0,3.0,0.24315330918113873
781,782.0,3.0,0.24315330918113873
782,783.0,3.0,0.24315330918113873
783,784.0,3.0,0.24315330918113873
784,785.0,3.0,0.24315330918113873
785,786.0,3.0,0.24315330918113873
786,787.0,3.0,0.24315330918113873
787,788.0,3.0,0.24315330918113873
788,789.0,3.0,0.24315330918113873
789,790.0,3.0,0.24315330918113873
790,791.0,3.0,0.24315330918113873
791,792.0,3.0,0.24315330918113873
792,793.0,3.0,0.24315330918113873
793,794.0,3.0,0.24315330918113873
794,795.0,3.0,0.24315330918113873
795,796.0,3.0,0.24315330918113873
796,797.0,3.0,0.24315330918113873
797,798.0,3.0,0.24315330918113873
798,799.0,3.0,0.24315330918113873
799,800.0,3.0,0.24315330918113873
800,801.0,3.0,0.24315330918113873
801,802.0,3.0,0.24315330918113873
802,803.0,3.0,0.24315330918113873
803,804.0,3.0,0.24315330918113873
804,805.0,3.0,0.24315330918113873
805,806.0,3.0,0.24315330918113873
806,807.0,3.0,0.24315330918113873
807,808.0,3.0,0.24315330918113873
808,809.0,3.0,0.24315330918113873
809,810.0,3.0,0.24315330918113873
810,811.0,3.0,0.24315330918113873
811,812.0,3.0,0.24315330918113873
812,813.0,3.0,0.24315330918113873
813,814.0,3.0,0.24315330918113873
814,815.0,3.0,0.24315330918113873
815,816.0,3.0,0.24315330918113873
816,817.0,3.0,0.24315330918113873
817,818.0,3.0,0.24315330918113873
818,819.0,3.0,0.24315330918113873
819,820.0,3.0,0.24315330918113873
820,821.0,3.0,0.24315330918113873
821,822.0,3.0,0.24315330918113873
822,823.0,3.0,0.24315330918113873
823,824.0,3.0,0.24315330918113873
824,825.0,3.0,0.24315330918113873
825,826.0,3.0,0.24315330918113873
826,827.0,3.0,0.24315330918113873
827,828.0,3.0,0.24315330918113873
828,829.0,3.0,0.24315330918113873
829,830.0,3.0,0.24315330918113873
830,831.0,3.0,0.24315330918113873
831,832.0,3.0,0.24315330918113873
832,833.0,3.0,0.24315330918113873
833,834.0,3.0,0.24315330918113873
834,835.0,3.0,0.24315330918113873
835,836.0,3.0,0.24315330918113873
836,837.0,3.0,0.24315330918113873
837,838.0,3.0,0.24315330918113873
838,839.0,3.0,0.24315330918113873
839,840.0,3.0,0.24315330918113873
840,841.0,3.0,0.24315330918113873
841,842.0,3.0,0.24315330918113873
842,843.0,3.0,0.24315330918113873
843,844.0,3.0,0.24315330918113873
844,845.0,3.0,0.24315330918113873
845,846.0,3.0,0.24315330918113873
846,847.0,3.0,0.24315330918113873
847,848.0,3.0,0.24315330918113873
848,849.0,3.0,0.24315330918113873
849,850.0,3.0,0.24315330918113873
850,851.0,3.0,0.24315330918113873
851,852.0,3.0,0.24315330918113873
852,853.0,3.0,0.24315330918113873
853,854.0,3.0,0.24315330918113873
854,855.0,3.0,0.24315330918113873
855,856.0,3.0,0.24315330918113873
856,857.0,3.0,0.24315330918113873
857,858.0,3.0,0.24315330918113873
858,859.0,3.0,0.24315330918113873
859,860.0,3.0,0.24315330918113873
860,861.0,3.0,0.24315330918113873
861,862.0,3.0,0.24315330918113873
862,863.0,3.0,0.24315330918113873
863,864.0,3.0,0.24315330918113873
864,865.0,3.0,0.24315330918113873
865,866.0,3.0,0.24315330918113873
866,867.0,3.0,0.24315330918113873
867,868.0,3.0,0.24315330918113873
868,869.0,3.0,0.24315330918113873
869,870.0,3.0,0.24315330918113873
870,871.0,3.0,0.24315330918113873
871,872.0,3.0,0.24315330918113873
872,873.0,3.0,0.24315330918113873
873,874.0,3.0,0.24315330918113873
874,875.0,3.0,0.24315330918113873
875,876.0,3.0,0.24315330918113873
876,877.0,3.0,0.24315330918113873
877,878.0,3.0,2.0
878,879.0,3.0,2.0
879,880.0,3.0,2.0
880,881.0,3.0,2.0
881,882.0,3.0,2.0
882,883.0,3.0,1.8
883,884.0,3.0,1.8
884,885.0,3.0,1.8
885,886.0,3.0,1.8
886,887.0,3.0,1.8
887,888.0,3.0,1.62
888,889.0,3.0,1.4580000000000002
889,890.0,3.0,1.4580000000000002
890,891.0,3.0,1.4580000000000002
891,892.0,3.0,1.4580000000000002
892,893.0,3.0,1.4580000000000002
893,894.0,3.0,1.3122000000000003
894,895.0,3.0,1.1809800000000004
895,896.0,3.0,1.1809800000000004
896,897.0,3.0,1.1809800000000004
897,898.0,3.0,1.0628820000000003
898,899.0,3.0,1.0628820000000003
899,900.0,3.0,1.0628820000000003
900,901.0,3.0,1.0628820000000003
901,902.0,3.0,1.0628820000000003
902,903.0,3.0,0.9565938000000003
903,904.0,3.0,0.9565938000000003
904,905.0,3.0,0.9565938000000003
905,906.0,3.0,0.9565938000000003
906,907.0,3.0,0.9565938000000003
907,908.0,3.0,0.8609344200000003
908,909.0,3.0,0.8609344200000003
909,910.0,3.0,0.8609344200000003
910,911.0,3.0,0.7748409780000003
911,912.0,3.0,0.7748409780000003
912,913.0,3.0,0.7748409780000003
913,914.0,3.0,0.7748409780000003
914,915.0,3.0,0.7748409780000003
915,916.0,3.0,0.7748409780000003
916,917.0,3.0,0.7748409780000003
917,918.0,3.0,0.7748409780000003
918,919.0,3.0,0.7748409780000003
919,920.0,3.0,0.7748409780000003
920,921.0,3.0,0.7748409780000003
921,922.0,3.0,0.7748409780000003
922,923.0,3.0,0.7748409780000003
923,924.0,3.0,0.7748409780000003
924,925.0,3.0,0.7748409780000003
925,926.0,3.0,0.7748409780000003
926,927.0,3.0,0.7748409780000003
927,928.0,3.0,0.7748409780000003
928,929.0,3.0,0.6973568802000003
929,930.0,3.0,0.6973568802000003
930,931.0,3.0,0.6973568802000003
931,932.0,3.0,0.6973568802000003
932,933.0,3.0,0.6973568802000003
933,934.0,3.0,0.6973568802000003
934,935.0,3.0,0.6973568802000003
935,936.0,3.0,0.6276211921800003
936,937.0,3.0,0.6276211921800003
937,938.0,3.0,0.6276211921800003
938,939.0,3.0,0.5648590729620003
939,940.0,3.0,0.5648590729620003
940,941.0,3.0,0.5648590729620003
941,942.0,3.0,0.5648590729620003
942,943.0,3.0,0.5083731656658003
943,944.0,3.0,0.5083731656658003
944,945.0,3.0,0.5083731656658003
945,946.0,3.0,0.5083731656658003
946,947.0,3.0,0.5083731656658003
947,948.0,3.0,0.5083731656658003
948,949.0,3.0,0.5083731656658003
949,950.0,3.0,0.5083731656658003
950,951.0,3.0,0.5083731656658003
951,952.0,3.0,0.5083731656658003
952,953.0,3.0,0.5083731656658003
953,954.0,3.0,0.5083731656658003
954,955.0,3.0,0.5083731656658003
955,956.0,3.0,0.5083731656658003
956,957.0,3.0,0.5083731656658003
957,958.0,3.0,0.5083731656658003
958,959.0,3.0,0.5083731656658003
959,960.0,3.0,0.5083731656658003
960,961.0,3.0,0.5083731656658003
961,962.0,3.0,0.5083731656658003
962,963.0,3.0,0.5083731656658003
963,964.0,3.0,0.5083731656658003
964,965.0,3.0,0.5083731656658003
965,966.0,3.0,0.5083731656658003
966,967.0,3.0,0.45753584909922024
967,968.0,3.0,0.45753584909922024
968,969.0,3.0,0.45753584909922024
969,970.0,3.0,0.45753584909922024
970,971.0,3.0,0.45753584909922024
971,972.0,3.0,0.45753584909922024
972,973.0,3.0,0.45753584909922024
973,974.0,3.0,0.45753584909922024
974,975.0,3.0,0.45753584909922024
975,976.0,3.0,0.45753584909922024
976,977.0,3.0,0.45753584909922024
977,978.0,3.0,0.45753584909922024
978,979.0,3.0,0.45753584909922024
979,980.0,3.0,0.45753584909922024
980,981.0,3.0,0.4117822641892982
981,982.0,3.0,0.4117822641892982
982,983.0,3.0,0.4117822641892982
983,984.0,3.0,0.4117822641892982
984,985.0,3.0,0.4117822641892982
985,986.0,3.0,0.4117822641892982
986,987.0,3.0,0.4117822641892982
987,988.0,3.0,0.4117822641892982
988,989.0,3.0,0.4117822641892982
989,990.0,3.0,0.4117822641892982
990,991.0,3.0,0.4117822641892982
991,992.0,3.0,0.4117822641892982
992,993.0,3.0,0.4117822641892982
993,994.0,3.0,0.4117822641892982
994,995.0,3.0,0.4117822641892982
995,996.0,3.0,0.4117822641892982
996,997.0,3.0,0.4117822641892982
997,998.0,3.0,0.4117822641892982
998,999.0,3.0,0.3706040377703684
999,1000.0,3.0,0.3706040377703684
1000,1001.0,3.0,0.3706040377703684
1001,1002.0,3.0,0.33354363399333153
1002,1003.0,3.0,0.33354363399333153
1003,1004.0,3.0,0.33354363399333153
1004,1005.0,3.0,0.33354363399333153
1005,1006.0,3.0,0.33354363399333153
1006,1007.0,3.0,0.3001892705939984
1007,1008.0,3.0,0.3001892705939984
1008,1009.0,3.0,0.3001892705939984
1009,1010.0,3.0,0.3001892705939984
1010,1011.0,3.0,0.3001892705939984
1011,1012.0,3.0,0.3001892705939984
1012,1013.0,3.0,0.3001892705939984
1013,1014.0,3.0,0.3001892705939984
1014,1015.0,3.0,0.3001892705939984
1015,1016.0,3.0,0.3001892705939984
1016,1017.0,3.0,0.3001892705939984
1017,1018.0,3.0,0.3001892705939984
1018,1019.0,3.0,0.3001892705939984
1019,1020.0,3.0,0.3001892705939984
1020,1021.0,3.0,0.3001892705939984
1021,1022.0,3.0,0.3001892705939984
1022,1023.0,3.0,0.3001892705939984
1023,1024.0,3.0,0.3001892705939984
1024,1025.0,3.0,0.3001892705939984
1025,1026.0,3.0,0.3001892705939984
1026,1027.0,3.0,0.3001892705939984
1027,1028.0,3.0,0.3001892705939984
1028,1029.0,3.0,0.3001892705939984
1029,1030.0,3.0,0.3001892705939984
1030,1031.0,3.0,0.3001892705939984
1031,1032.0,3.0,0.3001892705939984
1032,1033.0,3.0,0.3001892705939984
1033,1034.0,3.0,0.3001892705939984
1034,1035.0,3.0,0.3001892705939984
1035,1036.0,3.0,0.3001892705939984
1036,1037.0,3.0,0.3001892705939984
1037,1038.0,3.0,0.3001892705939984
1038,1039.0,3.0,0.3001892705939984
1039,1040.0,3.0,0.3001892705939984
1040,1041.0,3.0,0.3001892705939984
1041,1042.0,3.0,0.3001892705939984
1042,1043.0,3.0,0.27017034353459857
1043,1044.0,3.0,0.27017034353459857
1044,1045.0,3.0,0.27017034353459857
1045,1046.0,3.0,0.27017034353459857
1046,1047.0,3.0,0.27017034353459857
1047,1048.0,3.0,0.27017034353459857
1048,1049.0,3.0,0.27017034353459857
1049,1050.0,3.0,0.27017034353459857
1050,1051.0,3.0,0.27017034353459857
1051,1052.0,3.0,0.27017034353459857
1052,1053.0,3.0,0.27017034353459857
1053,1054.0,3.0,0.27017034353459857
1054,1055.0,3.0,0.27017034353459857
1055,1056.0,3.0,0.27017034353459857
1056,1057.0,3.0,0.27017034353459857
1057,1058.0,3.0,0.27017034353459857
1058,1059.0,3.0,0.24315330918113873
1059,1060.0,3.0,0.24315330918113873
1060,1061.0,3.0,0.24315330918113873
1061,1062.0,3.0,0.24315330918113873
1062,1063.0,3.0,0.24315330918113873
1063,1064.0,3.0,0.24315330918113873
1064,1065.0,3.0,0.24315330918113873
1065,1066.0,3.0,0.24315330918113873
1066,1067.0,3.0,0.24315330918113873
1067,1068.0,3.0,0.24315330918113873
1068,1069.0,3.0,0.24315330918113873
1069,1070.0,3.0,0.24315330918113873
1070,1071.0,3.0,0.24315330918113873
1071,1072.0,3.0,0.24315330918113873
1072,1073.0,3.0,0.24315330918113873
1073,1074.0,3.0,0.24315330918113873
1074,1075.0,3.0,0.24315330918113873
1075,1076.0,3.0,0.24315330918113873
1076,1077.0,3.0,0.24315330918113873
1077,1078.0,3.0,0.24315330918113873
1078,1079.0,3.0,0.24315330918113873
1079,1080.0,3.0,0.24315330918113873
1080,1081.0,3.0,0.24315330918113873
1081,1082.0,3.0,0.24315330918113873
1082,1083.0,3.0,0.24315330918113873
1083,1084.0,3.0,0.24315330918113873
1084,1085.0,3.0,0.24315330918113873
1085,1086.0,3.0,0.24315330918113873
1086,1087.0,3.0,0.24315330918113873
1087,1088.0,3.0,0.24315330918113873
1088,1089.0,3.0,0.24315330918113873
1089,1090.0,3.0,0.24315330918113873
1090,1091.0,3.0,0.24315330918113873
1091,1092.0,3.0,0.24315330918113873
1092,1093.0,3.0,0.24315330918113873
1093,1094.0,3.0,0.24315330918113873
1094,1095.0,3.0,0.24315330918113873
1095,1096.0,3.0,0.24315330918113873
1096,1097.0,3.0,0.24315330918113873
1097,1098.0,3.0,0.24315330918113873
1098,1099.0,3.0,0.24315330918113873
1099,1100.0,3.0,0.24315330918113873
1100,1101.0,3.0,0.24315330918113873
1101,1102.0,3.0,0.24315330918113873
1102,1103.0,3.0,0.24315330918113873
1103,1104.0,3.0,0.24315330918113873
1104,1105.0,3.0,0.24315330918113873
1105,1106.0,3.0,0.24315330918113873
1106,1107.0,3.0,0.24315330918113873
1107,1108.0,3.0,0.24315330918113873
1108,1109.0,3.0,0.24315330918113873
1109,1110.0,3.0,0.24315330918113873
1110,1111.0,3.0,0.24315330918113873
1111,1112.0,3.0,0.24315330918113873
1112,1113.0,3.0,0.24315330918113873
1113,1114.0,3.0,0.24315330918113873
1114,1115.0,3.0,0.24315330918113873
1115,1116.0,3.0,0.24315330918113873
1116,1117.0,3.0,0.24315330918113873
1117,1118.0,3.0,0.24315330918113873
1118,1119.0,3.0,0.24315330918113873
1119,1120.0,3.0,0.24315330918113873
1120,1121.0,3.0,0.24315330918113873
1121,1122.0,3.0,0.24315330918113873
1122,1123.0,3.0,0.24315330918113873
1123,1124.0,3.0,0.24315330918113873
1124,1125.0,3.0,0.24315330918113873
1125,1126.0,3.0,0.24315330918113873
1126,1127.0,3.0,0.24315330918113873
1127,1128.0,3.0,0.24315330918113873
1128,1129.0,3.0,0.24315330918113873
1129,1130.0,3.0,0.24315330918113873
1130,1131.0,3.0,0.24315330918113873
1131,1132.0,3.0,0.24315330918113873
1132,1133.0,3.0,0.24315330918113873
1133,1134.0,3.0,0.24315330918113873
1134,1135.0,3.0,0.24315330918113873
1135,1136.0,3.0,0.24315330918113873
1136,1137.0,3.0,0.24315330918113873
1137,1138.0,3.0,0.24315330918113873
1138,1139.0,3.0,0.24315330918113873
1139,1140.0,3.0,0.24315330918113873
1140,1141.0,3.0,0.24315330918113873
1141,1142.0,3.0,0.24315330918113873
1142,1143.0,3.0,0.24315330918113873
1143,1144.0,3.0,0.24315330918113873
1144,1145.0,3.0,0.24315330918113873
1145,1146.0,3.0,0.24315330918113873
1146,1147.0,3.0,0.24315330918113873
1147,1148.0,3.0,0.24315330918113873
1148,1149.0,3.0,0.24315330918113873
1149,1150.0,3.0,0.24315330918113873
1150,1151.0,3.0,0.24315330918113873
1151,1152.0,3.0,0.21883797826302487
1152,1153.0,3.0,0.21883797826302487
1153,1154.0,3.0,0.21883797826302487
1154,1155.0,3.0,0.21883797826302487
1155,1156.0,3.0,0.21883797826302487
1156,1157.0,3.0,0.21883797826302487
1157,1158.0,3.0,0.21883797826302487
1158,1159.0,3.0,0.21883797826302487
1159,1160.0,3.0,0.21883797826302487
1160,1161.0,3.0,0.21883797826302487
1161,1162.0,3.0,0.21883797826302487
1162,1163.0,3.0,0.21883797826302487
1163,1164.0,3.0,0.21883797826302487
1164,1165.0,3.0,0.21883797826302487
1165,1166.0,3.0,0.21883797826302487
1166,1167.0,3.0,0.21883797826302487
1167,1168.0,3.0,0.21883797826302487
1168,1169.0,3.0,0.21883797826302487
1169,1170.0,3.0,0.21883797826302487
1170,1171.0,3.0,0.21883797826302487
1171,1172.0,3.0,0.21883797826302487
1172,1173.0,3.0,0.21883797826302487
1173,1174.0,3.0,0.21883797826302487
1174,1175.0,3.0,0.21883797826302487
1175,1176.0,3.0,0.21883797826302487
1176,1177.0,3.0,0.21883797826302487
1177,1178.0,3.0,0.21883797826302487
1178,1179.0,3.0,0.21883797826302487
1179,1180.0,3.0,0.21883797826302487
1180,1181.0,3.0,0.1969541804367224
1181,1182.0,3.0,0.1969541804367224
1182,1183.0,3.0,0.1969541804367224
1183,1184.0,3.0,0.1969541804367224
1184,1185.0,3.0,0.1969541804367224
1185,1186.0,3.0,0.1969541804367224
1186,1187.0,3.0,0.1969541804367224
1187,1188.0,3.0,0.1969541804367224
1188,1189.0,3.0,0.1969541804367224
1189,1190.0,3.0,0.1969541804367224
1190,1191.0,3.0,0.1969541804367224
1191,1192.0,3.0,0.1969541804367224
1192,1193.0,3.0,0.1969541804367224
1193,1194.0,3.0,0.1969541804367224
1194,1195.0,3.0,0.1969541804367224
1195,1196.0,3.0,0.1969541804367224
1196,1197.0,3.0,0.1969541804367224
1197,1198.0,3.0,0.1969541804367224
1198,1199.0,3.0,0.1969541804367224
1199,1200.0,3.0,0.1969541804367224
1200,1201.0,3.0,0.1969541804367224
1201,1202.0,3.0,0.1969541804367224
1202,1203.0,3.0,0.1969541804367224
1203,1204.0,3.0,0.1969541804367224
1204,1205.0,3.0,0.1969541804367224
1205,1206.0,3.0,0.1969541804367224
1206,1207.0,3.0,0.1969541804367224
1207,1208.0,3.0,0.1969541804367224
1208,1209.0,3.0,0.1969541804367224
1209,1210.0,3.0,0.1969541804367224
1210,1211.0,3.0,0.1969541804367224
1211,1212.0,3.0,0.1969541804367224
1212,1213.0,3.0,0.1969541804367224
1213,1214.0,3.0,0.1969541804367224
1214,1215.0,3.0,0.1969541804367224
1215,1216.0,3.0,0.1969541804367224
1216,1217.0,3.0,0.1969541804367224
1217,1218.0,3.0,0.1969541804367224
1218,1219.0,3.0,0.1969541804367224
1219,1220.0,3.0,0.1969541804367224
1220,1221.0,3.0,0.1969541804367224
1221,1222.0,3.0,0.1969541804367224
1222,1223.0,3.0,0.1969541804367224
1223,1224.0,3.0,0.1969541804367224
1224,1225.0,3.0,0.1969541804367224
1225,1226.0,3.0,0.1969541804367224
1226,1227.0,3.0,0.1969541804367224
1227,1228.0,3.0,0.1969541804367224
1228,1229.0,3.0,0.1969541804367224
1229,1230.0,3.0,0.1969541804367224
1230,1231.0,3.0,0.1969541804367224
1231,1232.0,3.0,0.1969541804367224
1232,1233.0,3.0,0.1969541804367224
1233,1234.0,3.0,0.17725876239305016
1234,1235.0,3.0,0.17725876239305016
1235,1236.0,3.0,0.17725876239305016
1236,1237.0,3.0,0.17725876239305016
1237,1238.0,3.0,0.17725876239305016
1238,1239.0,3.0,0.17725876239305016
1239,1240.0,3.0,0.17725876239305016
1240,1241.0,3.0,0.17725876239305016
1241,1242.0,3.0,0.17725876239305016
1242,1243.0,3.0,0.17725876239305016
1243,1244.0,3.0,0.17725876239305016
1244,1245.0,3.0,0.17725876239305016
1245,1246.0,3.0,0.17725876239305016
1246,1247.0,3.0,0.17725876239305016
1247,1248.0,3.0,0.17725876239305016
1248,1249.0,3.0,0.17725876239305016
1249,1250.0,3.0,0.17725876239305016
1250,1251.0,3.0,0.17725876239305016
1251,1252.0,3.0,0.17725876239305016
1252,1253.0,3.0,0.17725876239305016
1253,1254.0,3.0,0.17725876239305016
1254,1255.0,3.0,0.17725876239305016
1255,1256.0,3.0,0.17725876239305016
1256,1257.0,3.0,0.17725876239305016
1257,1258.0,3.0,0.17725876239305016
1258,1259.0,3.0,0.17725876239305016
1259,1260.0,3.0,0.17725876239305016
1260,1261.0,3.0,0.17725876239305016
1261,1262.0,3.0,0.17725876239305016
1262,1263.0,3.0,0.17725876239305016
1263,1264.0,3.0,0.17725876239305016
1264,1265.0,3.0,0.17725876239305016
1265,1266.0,3.0,0.17725876239305016
1266,1267.0,3.0,0.17725876239305016
1267,1268.0,3.0,0.17725876239305016
1268,1269.0,3.0,0.17725876239305016
1269,1270.0,3.0,0.17725876239305016
1270,1271.0,3.0,0.17725876239305016
1271,1272.0,3.0,0.17725876239305016
1272,1273.0,3.0,0.17725876239305016
1273,1274.0,3.0,0.17725876239305016
1274,1275.0,3.0,0.17725876239305016
1275,1276.0,3.0,0.17725876239305016
1276,1277.0,3.0,0.17725876239305016
1277,1278.0,3.0,0.17725876239305016
1278,1279.0,3.0,0.17725876239305016
1279,1280.0,3.0,0.17725876239305016
1280,1281.0,3.0,0.17725876239305016
1281,1282.0,3.0,0.17725876239305016
1282,1283.0,3.0,0.17725876239305016
1283,1284.0,3.0,0.17725876239305016
1284,1285.0,3.0,0.17725876239305016
1285,1286.0,3.0,0.17725876239305016
1286,1287.0,3.0,0.17725876239305016
1287,1288.0,3.0,0.17725876239305016
1288,1289.0,3.0,0.17725876239305016
1289,1290.0,3.0,0.17725876239305016
1290,1291.0,3.0,0.17725876239305016
1291,1292.0,3.0,0.17725876239305016
1292,1293.0,3.0,0.17725876239305016
1293,1294.0,3.0,0.17725876239305016
1294,1295.0,3.0,0.17725876239305016
1295,1296.0,3.0,0.17725876239305016
1296,1297.0,3.0,0.17725876239305016
1297,1298.0,3.0,0.17725876239305016
1298,1299.0,3.0,0.17725876239305016
1299,1300.0,3.0,0.17725876239305016
1300,1301.0,3.0,0.17725876239305016
1301,1302.0,3.0,0.17725876239305016
1302,1303.0,3.0,0.17725876239305016
1303,1304.0,3.0,0.17725876239305016
1304,1305.0,3.0,0.17725876239305016
1305,1306.0,3.0,0.17725876239305016
1306,1307.0,3.0,0.17725876239305016
1307,1308.0,3.0,0.17725876239305016
1308,1309.0,3.0,0.17725876239305016
1309,1310.0,3.0,0.15953288615374514
1310,1311.0,3.0,0.15953288615374514
1311,1312.0,3.0,0.15953288615374514
1312,1313.0,3.0,0.15953288615374514
1313,1314.0,3.0,0.15953288615374514
1314,1315.0,3.0,0.15953288615374514
1315,1316.0,3.0,0.15953288615374514
1316,1317.0,3.0,0.15953288615374514
1317,1318.0,3.0,0.15953288615374514
1318,1319.0,3.0,0.15953288615374514
1319,1320.0,3.0,0.15953288615374514
1320,1321.0,3.0,0.15953288615374514
1321,1322.0,3.0,0.15953288615374514
1322,1323.0,3.0,0.15953288615374514
1323,1324.0,3.0,0.15953288615374514
1324,1325.0,3.0,0.15953288615374514
1325,1326.0,3.0,0.15953288615374514
1326,1327.0,3.0,0.15953288615374514
1327,1328.0,3.0,0.15953288615374514
1328,1329.0,3.0,0.15953288615374514
1329,1330.0,3.0,0.15953288615374514
1330,1331.0,3.0,0.15953288615374514
1331,1332.0,3.0,0.15953288615374514
1332,1333.0,3.0,0.15953288615374514
1333,1334.0,3.0,0.15953288615374514
1334,1335.0,3.0,0.15953288615374514
1335,1336.0,3.0,0.15953288615374514
1336,1337.0,3.0,0.15953288615374514
1337,1338.0,3.0,0.15953288615374514
1338,1339.0,3.0,0.15953288615374514
1339,1340.0,3.0,0.15953288615374514
1340,1341.0,3.0,0.15953288615374514
1341,1342.0,3.0,0.15953288615374514
1342,1343.0,3.0,0.15953288615374514
1343,1344.0,3.0,0.15953288615374514
1344,1345.0,3.0,0.15953288615374514
1345,1346.0,3.0,0.15953288615374514
1346,1347.0,3.0,0.15953288615374514
1347,1348.0,3.0,0.15953288615374514
1348,1349.0,3.0,0.15953288615374514
1349,1350.0,3.0,0.15953288615374514
1350,1351.0,3.0,0.15953288615374514
1351,1352.0,3.0,0.15953288615374514
1352,1353.0,3.0,0.15953288615374514
1353,1354.0,3.0,0.15953288615374514
1354,1355.0,3.0,0.15953288615374514
1355,1356.0,3.0,0.15953288615374514
1356,1357.0,3.0,0.15953288615374514
1357,1358.0,3.0,0.15953288615374514
1358,1359.0,3.0,0.15953288615374514
1359,1360.0,3.0,0.15953288615374514
1360,1361.0,3.0,0.15953288615374514
1361,1362.0,3.0,0.15953288615374514
1362,1363.0,3.0,0.15953288615374514
1363,1364.0,3.0,0.15953288615374514
1364,1365.0,3.0,0.15953288615374514
1365,1366.0,3.0,0.15953288615374514
1366,1367.0,3.0,0.15953288615374514
1367,1368.0,3.0,0.15953288615374514
1368,1369.0,3.0,0.15953288615374514
1369,1370.0,3.0,0.15953288615374514
1370,1371.0,3.0,0.15953288615374514
1371,1372.0,3.0,0.15953288615374514
1372,1373.0,3.0,0.15953288615374514
1373,1374.0,3.0,0.15953288615374514
1374,1375.0,3.0,0.15953288615374514
1375,1376.0,3.0,0.15953288615374514
1376,1377.0,3.0,0.15953288615374514
1377,1378.0,3.0,0.15953288615374514
1378,1379.0,3.0,0.15953288615374514
1379,1380.0,3.0,0.15953288615374514
1380,1381.0,3.0,0.15953288615374514
1381,1382.0,3.0,0.15953288615374514
1382,1383.0,3.0,0.15953288615374514
1383,1384.0,3.0,0.15953288615374514
1384,1385.0,3.0,0.15953288615374514
1385,1386.0,3.0,0.15953288615374514
1386,1387.0,3.0,0.15953288615374514
1387,1388.0,3.0,0.15953288615374514
1388,1389.0,3.0,0.15953288615374514
1389,1390.0,3.0,0.15953288615374514
1390,1391.0,3.0,0.15953288615374514
1391,1392.0,3.0,0.15953288615374514
1392,1393.0,3.0,0.15953288615374514
1393,1394.0,3.0,0.15953288615374514
1394,1395.0,3.0,0.15953288615374514
1395,1396.0,3.0,0.15953288615374514
1396,1397.0,3.0,0.15953288615374514
1397,1398.0,3.0,0.15953288615374514
1398,1399.0,3.0,0.15953288615374514
1399,1400.0,3.0,0.15953288615374514
1400,1401.0,3.0,0.15953288615374514
1401,1402.0,3.0,0.15953288615374514
1402,1403.0,3.0,0.15953288615374514
1403,1404.0,3.0,0.15953288615374514
1404,1405.0,3.0,0.15953288615374514
1405,1406.0,3.0,0.15953288615374514
1406,1407.0,3.0,0.15953288615374514
1407,1408.0,3.0,0.15953288615374514
1408,1409.0,3.0,0.15953288615374514
1409,1410.0,3.0,2.0
1410,1411.0,3.0,2.0
1411,1412.0,3.0,2.0
1412,1413.0,3.0,2.0
1413,1414.0,3.0,2.0
1414,1415.0,3.0,2.0
1415,1416.0,3.0,2.0
1416,1417.0,3.0,2.0
1417,1418.0,3.0,2.0
1418,1419.0,3.0,2.0
1419,1420.0,3.0,2.0
1420,1421.0,3.0,2.0
1421,1422.0,3.0,2.0
1422,1423.0,3.0,2.0
1423,1424.0,3.0,2.0
1424,1425.0,3.0,2.0
1425,1426.0,3.0,2.0
1426,1427.0,3.0,1.8
1427,1428.0,3.0,1.8
1428,1429.0,3.0,1.8
1429,1430.0,3.0,1.8
1430,1431.0,3.0,1.62
1431,1432.0,3.0,1.62
1432,1433.0,3.0,1.62
1433,1434.0,3.0,1.62
1434,1435.0,3.0,1.62
1435,1436.0,3.0,1.62
1436,1437.0,3.0,1.62
1437,1438.0,3.0,1.62
1438,1439.0,3.0,1.62
1439,1440.0,3.0,1.62
1440,1441.0,3.0,1.62
1441,1442.0,3.0,1.62
1442,1443.0,3.0,1.62
1443,1444.0,3.0,1.4580000000000002
1444,1445.0,3.0,1.4580000000000002
1445,1446.0,3.0,1.4580000000000002
1446,1447.0,3.0,1.4580000000000002
1447,1448.0,3.0,1.4580000000000002
1448,1449.0,3.0,1.4580000000000002
1449,1450.0,3.0,1.4580000000000002
1450,1451.0,3.0,1.4580000000000002
1451,1452.0,3.0,1.4580000000000002
1452,1453.0,3.0,1.4580000000000002
1453,1454.0,3.0,1.4580000000000002
1454,1455.0,3.0,1.4580000000000002
1455,1456.0,3.0,1.3122000000000003
1456,1457.0,3.0,1.3122000000000003
1457,1458.0,3.0,1.3122000000000003
1458,1459.0,3.0,1.3122000000000003
1459,1460.0,3.0,1.3122000000000003
1460,1461.0,3.0,1.3122000000000003
1461,1462.0,3.0,1.3122000000000003
1462,1463.0,3.0,1.3122000000000003
1463,1464.0,3.0,1.1809800000000004
1464,1465.0,3.0,1.1809800000000004
1465,1466.0,3.0,1.0628820000000003
1466,1467.0,3.0,1.0628820000000003
1467,1468.0,3.0,1.0628820000000003
1468,1469.0,3.0,1.0628820000000003
1469,1470.0,3.0,1.0628820000000003
1470,1471.0,3.0,1.0628820000000003
1471,1472.0,3.0,1.0628820000000003
1472,1473.0,3.0,1.0628820000000003
1473,1474.0,3.0,0.9565938000000003
1474,1475.0,3.0,0.9565938000000003
1475,1476.0,3.0,0.9565938000000003
1476,1477.0,3.0,0.9565938000000003
1477,1478.0,3.0,0.9565938000000003
1478,1479.0,3.0,0.9565938000000003
1479,1480.0,3.0,0.9565938000000003
1480,1481.0,3.0,0.8609344200000003
1481,1482.0,3.0,0.8609344200000003
1482,1483.0,3.0,0.8609344200000003
1483,1484.0,3.0,0.8609344200000003
1484,1485.0,3.0,0.8609344200000003
1485,1486.0,3.0,0.8609344200000003
1486,1487.0,3.0,0.7748409780000003
1487,1488.0,3.0,0.7748409780000003
1488,1489.0,3.0,0.7748409780000003
1489,1490.0,3.0,0.6973568802000003
1490,1491.0,3.0,0.6973568802000003
1491,1492.0,3.0,0.6973568802000003
1492,1493.0,3.0,0.6276211921800003
1493,1494.0,3.0,0.6276211921800003
1494,1495.0,3.0,0.6276211921800003
1495,1496.0,3.0,0.6276211921800003
1496,1497.0,3.0,0.6276211921800003
1497,1498.0,3.0,0.6276211921800003
1498,1499.0,3.0,0.6276211921800003
1499,1500.0,3.0,0.6276211921800003
1500,1501.0,3.0,0.6276211921800003
1501,1502.0,3.0,0.6276211921800003
1502,1503.0,3.0,0.6276211921800003
1503,1504.0,3.0,0.6276211921800003
1504,1505.0,3.0,0.6276211921800003
1505,1506.0,3.0,0.6276211921800003
1506,1507.0,3.0,0.6276211921800003
1507,1508.0,3.0,0.6276211921800003
1508,1509.0,3.0,0.6276211921800003
1509,1510.0,3.0,0.6276211921800003
1510,1511.0,3.0,0.6276211921800003
1511,1512.0,3.0,0.5648590729620003
1512,1513.0,3.0,0.5648590729620003
1513,1514.0,3.0,0.5648590729620003
1514,1515.0,3.0,0.5648590729620003
1515,1516.0,3.0,0.5648590729620003
1516,1517.0,3.0,0.5648590729620003
1517,1518.0,3.0,0.5648590729620003
1518,1519.0,3.0,0.5648590729620003
1519,1520.0,3.0,0.5648590729620003
1520,1521.0,3.0,0.5648590729620003
1521,1522.0,3.0,0.5648590729620003
1522,1523.0,3.0,0.5648590729620003
1523,1524.0,3.0,0.5648590729620003
1524,1525.0,3.0,0.5648590729620003
1525,1526.0,3.0,0.5648590729620003
1526,1527.0,3.0,0.5648590729620003
1527,1528.0,3.0,0.5648590729620003
1528,1529.0,3.0,0.5648590729620003
1529,1530.0,3.0,0.5648590729620003
1530,1531.0,3.0,0.5648590729620003
1531,1532.0,3.0,0.5648590729620003
1532,1533.0,3.0,0.5648590729620003
1533,1534.0,3.0,0.5648590729620003
1534,1535.0,3.0,0.5648590729620003
1535,1536.0,3.0,0.5648590729620003
1536,1537.0,3.0,0.5648590729620003
1537,1538.0,3.0,0.5648590729620003
1538,1539.0,3.0,0.5648590729620003
1539,1540.0,3.0,0.5648590729620003
1540,1541.0,3.0,0.5648590729620003
1541,1542.0,3.0,0.5648590729620003
1542,1543.0,3.0,0.5648590729620003
1543,1544.0,3.0,0.5648590729620003
1544,1545.0,3.0,0.5648590729620003
1545,1546.0,3.0,0.5083731656658003
1546,1547.0,3.0,0.5083731656658003
1547,1548.0,3.0,0.5083731656658003
1548,1549.0,3.0,0.5083731656658003
1549,1550.0,3.0,0.5083731656658003
1550,1551.0,3.0,0.5083731656658003
1551,1552.0,3.0,0.5083731656658003
1552,1553.0,3.0,0.5083731656658003
1553,1554.0,3.0,0.5083731656658003
1554,1555.0,3.0,0.5083731656658003
1555,1556.0,3.0,0.5083731656658003
1556,1557.0,3.0,0.5083731656658003
1557,1558.0,3.0,0.5083731656658003
1558,1559.0,3.0,0.5083731656658003
1559,1560.0,3.0,0.5083731656658003
1560,1561.0,3.0,0.5083731656658003
1561,1562.0,3.0,0.5083731656658003
1562,1563.0,3.0,0.5083731656658003
1563,1564.0,3.0,0.5083731656658003
1564,1565.0,3.0,0.5083731656658003
1565,1566.0,3.0,0.5083731656658003
1566,1567.0,3.0,0.45753584909922024
1567,1568.0,3.0,0.45753584909922024
1568,1569.0,3.0,0.45753584909922024
1569,1570.0,3.0,0.45753584909922024
1570,1571.0,3.0,0.45753584909922024
1571,1572.0,3.0,0.45753584909922024
1572,1573.0,3.0,0.45753584909922024
1573,1574.0,3.0,0.45753584909922024
1574,1575.0,3.0,0.45753584909922024
1575,1576.0,3.0,0.45753584909922024
1576,1577.0,3.0,0.45753584909922024
1577,1578.0,3.0,0.45753584909922024
1578,1579.0,3.0,0.45753584909922024
1579,1580.0,3.0,0.45753584909922024
1580,1581.0,3.0,0.45753584909922024
1581,1582.0,3.0,0.4117822641892982
1582,1583.0,3.0,0.4117822641892982
1583,1584.0,3.0,0.4117822641892982
1584,1585.0,3.0,0.4117822641892982
1585,1586.0,3.0,0.4117822641892982
1586,1587.0,3.0,0.4117822641892982
1587,1588.0,3.0,0.4117822641892982
1588,1589.0,3.0,0.4117822641892982
1589,1590.0,3.0,0.4117822641892982
1590,1591.0,3.0,0.4117822641892982
1591,1592.0,3.0,0.4117822641892982
1592,1593.0,3.0,0.4117822641892982
1593,1594.0,3.0,0.4117822641892982
1594,1595.0,3.0,0.4117822641892982
1595,1596.0,3.0,0.4117822641892982
1596,1597.0,3.0,0.4117822641892982
1597,1598.0,3.0,0.4117822641892982
1598,1599.0,3.0,0.4117822641892982
1599,1600.0,3.0,0.4117822641892982
1600,1601.0,3.0,0.4117822641892982
1601,1602.0,3.0,0.4117822641892982
1602,1603.0,3.0,0.4117822641892982
1603,1604.0,3.0,0.4117822641892982
1604,1605.0,3.0,0.4117822641892982
1605,1606.0,3.0,0.4117822641892982
1606,1607.0,3.0,0.4117822641892982
1607,1608.0,3.0,0.4117822641892982
1608,1609.0,3.0,0.4117822641892982
1609,1610.0,3.0,0.4117822641892982
1610,1611.0,3.0,0.4117822641892982
1611,1612.0,3.0,0.4117822641892982
1612,1613.0,3.0,0.4117822641892982
1613,1614.0,3.0,0.4117822641892982
1614,1615.0,3.0,0.4117822641892982
1615,1616.0,3.0,0.4117822641892982
1616,1617.0,3.0,0.4117822641892982
1617,1618.0,3.0,0.4117822641892982
1618,1619.0,3.0,0.4117822641892982
1619,1620.0,3.0,0.4117822641892982
1620,1621.0,3.0,0.4117822641892982
1621,1622.0,3.0,0.4117822641892982
1622,1623.0,3.0,0.4117822641892982
1623,1624.0,3.0,0.4117822641892982
1624,1625.0,3.0,0.4117822641892982
1625,1626.0,3.0,0.4117822641892982
1626,1627.0,3.0,0.4117822641892982
1627,1628.0,3.0,0.4117822641892982
1628,1629.0,3.0,0.4117822641892982
1629,1630.0,3.0,0.4117822641892982
1630,1631.0,3.0,0.4117822641892982
1631,1632.0,3.0,0.4117822641892982
1632,1633.0,3.0,0.4117822641892982
1633,1634.0,3.0,0.4117822641892982
1634,1635.0,3.0,0.4117822641892982
1635,1636.0,3.0,0.4117822641892982
1636,1637.0,3.0,0.4117822641892982
1637,1638.0,3.0,0.4117822641892982
1638,1639.0,3.0,0.4117822641892982
1639,1640.0,3.0,0.4117822641892982
1640,1641.0,3.0,0.4117822641892982
1641,1642.0,3.0,0.4117822641892982
1642,1643.0,3.0,0.4117822641892982
1643,1644.0,3.0,0.4117822641892982
1644,1645.0,3.0,0.4117822641892982
1645,1646.0,3.0,0.3706040377703684
1646,1647.0,3.0,0.3706040377703684
1647,1648.0,3.0,0.3706040377703684
1648,1649.0,3.0,0.3706040377703684
1649,1650.0,3.0,0.3706040377703684
1650,1651.0,3.0,0.3706040377703684
1651,1652.0,3.0,0.3706040377703684
1652,1653.0,3.0,0.3706040377703684
1653,1654.0,3.0,0.3706040377703684
1654,1655.0,3.0,0.3706040377703684
1655,1656.0,3.0,0.3706040377703684
1656,1657.0,3.0,0.3706040377703684
1657,1658.0,3.0,0.3706040377703684
1658,1659.0,3.0,0.3706040377703684
1659,1660.0,3.0,0.3706040377703684
1660,1661.0,3.0,0.3706040377703684
1661,1662.0,3.0,0.3706040377703684
1662,1663.0,3.0,0.3706040377703684
1663,1664.0,3.0,0.3706040377703684
1664,1665.0,3.0,0.3706040377703684
1665,1666.0,3.0,0.3706040377703684
1666,1667.0,3.0,0.3706040377703684
1667,1668.0,3.0,0.3706040377703684
1668,1669.0,3.0,0.3706040377703684
1669,1670.0,3.0,0.3706040377703684
1670,1671.0,3.0,0.3706040377703684
1671,1672.0,3.0,0.3706040377703684
1672,1673.0,3.0,0.3706040377703684
1673,1674.0,3.0,0.3706040377703684
1674,1675.0,3.0,0.3706040377703684
1675,1676.0,3.0,0.3706040377703684
1676,1677.0,3.0,0.3706040377703684
1677,1678.0,3.0,0.3706040377703684
1678,1679.0,3.0,0.3706040377703684
1679,1680.0,3.0,0.3706040377703684
1680,1681.0,3.0,0.3706040377703684
1681,1682.0,3.0,0.3706040377703684
1682,1683.0,3.0,0.3706040377703684
1683,1684.0,3.0,0.3706040377703684
1684,1685.0,3.0,0.3706040377703684
1685,1686.0,3.0,0.3706040377703684
1686,1687.0,3.0,0.3706040377703684
1687,1688.0,3.0,0.3706040377703684
1688,1689.0,3.0,0.3706040377703684
1689,1690.0,3.0,0.3706040377703684
1690,1691.0,3.0,0.3706040377703684
1691,1692.0,3.0,0.3706040377703684
1692,1693.0,3.0,0.3706040377703684
1693,1694.0,3.0,0.3706040377703684
1694,1695.0,3.0,0.3706040377703684
1695,1696.0,3.0,0.3706040377703684
1696,1697.0,3.0,0.3706040377703684
1697,1698.0,3.0,0.3706040377703684
1698,1699.0,3.0,0.3706040377703684
1699,1700.0,3.0,0.3706040377703684
1700,1701.0,3.0,0.3706040377703684
1701,1702.0,3.0,0.3706040377703684
1702,1703.0,3.0,0.3706040377703684
1703,1704.0,3.0,0.3706040377703684
1704,1705.0,3.0,0.3706040377703684
1705,1706.0,3.0,0.3706040377703684
1706,1707.0,3.0,0.3706040377703684
1707,1708.0,3.0,0.3706040377703684
1708,1709.0,3.0,0.3706040377703684
1709,1710.0,3.0,0.3706040377703684
1710,1711.0,3.0,0.3706040377703684
1711,1712.0,3.0,0.3706040377703684
1712,1713.0,3.0,0.3706040377703684
1713,1714.0,3.0,0.3706040377703684
1714,1715.0,3.0,0.3706040377703684
1715,1716.0,3.0,0.3706040377703684
1716,1717.0,3.0,0.3706040377703684
1717,1718.0,3.0,0.3706040377703684
1718,1719.0,3.0,0.3706040377703684
1719,1720.0,3.0,0.3706040377703684
1720,1721.0,3.0,0.3706040377703684
1721,1722.0,3.0,0.3706040377703684
1722,1723.0,3.0,0.3706040377703684
1723,1724.0,3.0,0.3706040377703684
1724,1725.0,3.0,0.33354363399333153
1725,1726.0,3.0,0.33354363399333153
1726,1727.0,3.0,0.33354363399333153
1727,1728.0,3.0,0.33354363399333153
1728,1729.0,3.0,0.33354363399333153
1729,1730.0,3.0,0.33354363399333153
1730,1731.0,3.0,0.33354363399333153
1731,1732.0,3.0,0.33354363399333153
1732,1733.0,3.0,0.33354363399333153
1733,1734.0,3.0,0.33354363399333153
1734,1735.0,3.0,0.33354363399333153
1735,1736.0,3.0,0.33354363399333153
1736,1737.0,3.0,0.33354363399333153
1737,1738.0,3.0,0.33354363399333153
1738,1739.0,3.0,0.33354363399333153
1739,1740.0,3.0,0.33354363399333153
1740,1741.0,3.0,0.33354363399333153
1741,1742.0,3.0,0.33354363399333153
1742,1743.0,3.0,0.33354363399333153
1743,1744.0,3.0,0.33354363399333153
1744,1745.0,3.0,0.33354363399333153
1745,1746.0,3.0,0.33354363399333153
1746,1747.0,3.0,0.33354363399333153
1747,1748.0,3.0,0.33354363399333153
1748,1749.0,3.0,0.33354363399333153
1749,1750.0,3.0,0.33354363399333153
1750,1751.0,3.0,0.33354363399333153
1751,1752.0,3.0,0.33354363399333153
1752,1753.0,3.0,0.33354363399333153
1753,1754.0,3.0,0.33354363399333153
1754,1755.0,3.0,0.33354363399333153
1755,1756.0,3.0,0.33354363399333153
1756,1757.0,3.0,0.33354363399333153
1757,1758.0,3.0,0.33354363399333153
1758,1759.0,3.0,0.33354363399333153
1759,1760.0,3.0,0.33354363399333153
1760,1761.0,3.0,0.33354363399333153
1761,1762.0,3.0,0.33354363399333153
1762,1763.0,3.0,0.33354363399333153
1763,1764.0,3.0,0.33354363399333153
1764,1765.0,3.0,0.33354363399333153
1765,1766.0,3.0,0.33354363399333153
1766,1767.0,3.0,0.33354363399333153
1767,1768.0,3.0,0.33354363399333153
1768,1769.0,3.0,0.33354363399333153
1769,1770.0,3.0,0.33354363399333153
1770,1771.0,3.0,0.33354363399333153
1771,1772.0,3.0,0.33354363399333153
1772,1773.0,3.0,0.33354363399333153
1773,1774.0,3.0,0.33354363399333153
1774,1775.0,3.0,0.33354363399333153
1775,1776.0,3.0,0.33354363399333153
1776,1777.0,3.0,0.33354363399333153
1777,1778.0,3.0,0.33354363399333153
1778,1779.0,3.0,0.3001892705939984
1779,1780.0,3.0,0.3001892705939984
1780,1781.0,3.0,0.3001892705939984
1781,1782.0,3.0,0.3001892705939984
1782,1783.0,3.0,0.3001892705939984
1783,1784.0,3.0,0.3001892705939984
1784,1785.0,3.0,0.3001892705939984
1785,1786.0,3.0,0.3001892705939984
1786,1787.0,3.0,0.3001892705939984
1787,1788.0,3.0,0.3001892705939984
1788,1789.0,3.0,0.3001892705939984
1789,1790.0,3.0,0.3001892705939984
1790,1791.0,3.0,0.3001892705939984
1791,1792.0,3.0,0.3001892705939984
1792,1793.0,3.0,0.3001892705939984
1793,1794.0,3.0,0.3001892705939984
1794,1795.0,3.0,0.3001892705939984
1795,1796.0,3.0,0.3001892705939984
1796,1797.0,3.0,0.3001892705939984
1797,1798.0,3.0,0.3001892705939984
1798,1799.0,3.0,0.27017034353459857
1799,1800.0,3.0,0.27017034353459857
1800,1801.0,3.0,0.27017034353459857
1801,1802.0,3.0,0.27017034353459857
1802,1803.0,3.0,0.27017034353459857
1803,1804.0,3.0,0.27017034353459857
1804,1805.0,3.0,0.27017034353459857
1805,1806.0,3.0,0.27017034353459857
1806,1807.0,3.0,0.27017034353459857
1807,1808.0,3.0,0.27017034353459857
1808,1809.0,3.0,0.27017034353459857
1809,1810.0,3.0,0.27017034353459857
1810,1811.0,3.0,0.27017034353459857
1811,1812.0,3.0,0.27017034353459857
1812,1813.0,3.0,0.27017034353459857
1813,1814.0,3.0,0.27017034353459857
1814,1815.0,3.0,0.27017034353459857
1815,1816.0,3.0,0.27017034353459857
1816,1817.0,3.0,0.27017034353459857
1817,1818.0,3.0,0.27017034353459857
1818,1819.0,3.0,0.27017034353459857
1819,1820.0,3.0,0.27017034353459857
1820,1821.0,3.0,0.27017034353459857
1821,1822.0,3.0,0.27017034353459857
1822,1823.0,3.0,0.27017034353459857
1823,1824.0,3.0,0.27017034353459857
1824,1825.0,3.0,0.27017034353459857
1825,1826.0,3.0,0.27017034353459857
1826,1827.0,3.0,0.27017034353459857
1827,1828.0,3.0,0.27017034353459857
1828,1829.0,3.0,0.27017034353459857
1829,1830.0,3.0,0.27017034353459857
1830,1831.0,3.0,0.27017034353459857
1831,1832.0,3.0,0.27017034353459857
1832,1833.0,3.0,0.27017034353459857
1833,1834.0,3.0,0.27017034353459857
1834,1835.0,3.0,0.27017034353459857
1835,1836.0,3.0,0.27017034353459857
1836,1837.0,3.0,0.27017034353459857
1837,1838.0,3.0,0.27017034353459857
1838,1839.0,3.0,0.27017034353459857
1839,1840.0,3.0,0.27017034353459857
1840,1841.0,3.0,0.27017034353459857
1841,1842.0,3.0,0.27017034353459857
1842,1843.0,3.0,0.27017034353459857
1843,1844.0,3.0,0.27017034353459857
1844,1845.0,3.0,0.27017034353459857
1845,1846.0,3.0,0.27017034353459857
1846,1847.0,3.0,0.27017034353459857
1847,1848.0,3.0,0.24315330918113873
1848,1849.0,3.0,0.24315330918113873
1849,1850.0,3.0,0.24315330918113873
1850,1851.0,3.0,0.24315330918113873
1851,1852.0,3.0,0.24315330918113873
1852,1853.0,3.0,0.24315330918113873
1853,1854.0,3.0,0.24315330918113873
1854,1855.0,3.0,0.24315330918113873
1855,1856.0,3.0,0.24315330918113873
1856,1857.0,3.0,0.24315330918113873
1857,1858.0,3.0,0.24315330918113873
1858,1859.0,3.0,0.24315330918113873
1859,1860.0,3.0,0.24315330918113873
1860,1861.0,3.0,0.24315330918113873
1861,1862.0,3.0,0.24315330918113873
1862,1863.0,3.0,0.24315330918113873
1863,1864.0,3.0,0.24315330918113873
1864,1865.0,3.0,0.24315330918113873
1865,1866.0,3.0,0.24315330918113873
1866,1867.0,3.0,0.24315330918113873
1867,1868.0,3.0,0.24315330918113873
1868,1869.0,3.0,0.24315330918113873
1869,1870.0,3.0,0.24315330918113873
1870,1871.0,3.0,0.24315330918113873
1871,1872.0,3.0,0.24315330918113873
1872,1873.0,3.0,0.24315330918113873
1873,1874.0,3.0,0.24315330918113873
1874,1875.0,3.0,0.24315330918113873
1875,1876.0,3.0,0.24315330918113873
1876,1877.0,3.0,0.24315330918113873
1877,1878.0,3.0,0.24315330918113873
1878,1879.0,3.0,0.24315330918113873
1879,1880.0,3.0,0.24315330918113873
1880,1881.0,3.0,0.24315330918113873
1881,1882.0,3.0,0.24315330918113873
1882,1883.0,3.0,0.24315330918113873
1883,1884.0,3.0,0.24315330918113873
1884,1885.0,3.0,0.24315330918113873
1885,1886.0,3.0,0.24315330918113873
1886,1887.0,3.0,0.24315330918113873
1887,1888.0,3.0,0.24315330918113873
1888,1889.0,3.0,0.24315330918113873
1889,1890.0,3.0,0.24315330918113873
1890,1891.0,3.0,0.24315330918113873
1891,1892.0,3.0,0.24315330918113873
1892,1893.0,3.0,0.24315330918113873
1893,1894.0,3.0,0.24315330918113873
1894,1895.0,3.0,0.24315330918113873
1895,1896.0,3.0,0.24315330918113873
1896,1897.0,3.0,0.24315330918113873
1897,1898.0,3.0,0.24315330918113873
1898,1899.0,3.0,0.24315330918113873
1899,1900.0,3.0,0.24315330918113873
1900,1901.0,3.0,0.24315330918113873
1901,1902.0,3.0,0.24315330918113873
1902,1903.0,3.0,0.24315330918113873
1903,1904.0,3.0,0.24315330918113873
1904,1905.0,3.0,0.24315330918113873
1905,1906.0,3.0,0.24315330918113873
1906,1907.0,3.0,0.24315330918113873
1907,1908.0,3.0,0.24315330918113873
1908,1909.0,3.0,0.24315330918113873
1909,1910.0,3.0,0.24315330918113873
1910,1911.0,3.0,0.24315330918113873
1911,1912.0,3.0,0.24315330918113873
1912,1913.0,3.0,0.24315330918113873
1913,1914.0,3.0,0.24315330918113873
1914,1915.0,3.0,0.24315330918113873
1915,1916.0,3.0,0.24315330918113873
1916,1917.0,3.0,0.24315330918113873
1917,1918.0,3.0,0.24315330918113873
1918,1919.0,3.0,0.24315330918113873
1919,1920.0,3.0,0.24315330918113873
1920,1921.0,3.0,0.24315330918113873
1921,1922.0,3.0,0.24315330918113873
1922,1923.0,3.0,0.24315330918113873
1923,1924.0,3.0,0.24315330918113873
1924,1925.0,3.0,0.24315330918113873
1925,1926.0,3.0,0.24315330918113873
1926,1927.0,3.0,0.24315330918113873
1927,1928.0,3.0,0.24315330918113873
1928,1929.0,3.0,0.24315330918113873
1929,1930.0,3.0,0.24315330918113873
1930,1931.0,3.0,0.24315330918113873
1931,1932.0,3.0,0.24315330918113873
1932,1933.0,3.0,0.24315330918113873
1933,1934.0,3.0,0.24315330918113873
1934,1935.0,3.0,0.24315330918113873
1935,1936.0,3.0,0.24315330918113873
1936,1937.0,3.0,0.24315330918113873
1937,1938.0,3.0,0.24315330918113873
1938,1939.0,3.0,0.24315330918113873
1939,1940.0,3.0,0.24315330918113873
1940,1941.0,3.0,0.24315330918113873
1941,1942.0,3.0,0.24315330918113873
1942,1943.0,3.0,0.24315330918113873
1943,1944.0,3.0,0.24315330918113873
1944,1945.0,3.0,0.24315330918113873
1945,1946.0,3.0,0.24315330918113873
1946,1947.0,3.0,0.24315330918113873
1947,1948.0,3.0,2.0
1948,1949.0,3.0,2.0
1949,1950.0,3.0,2.0
1950,1951.0,3.0,2.0
1951,1952.0,3.0,2.0
1952,1953.0,3.0,2.0
1953,1954.0,3.0,2.0
1954,1955.0,3.0,2.0
1955,1956.0,3.0,2.0
1956,1957.0,3.0,2.0
1957,1958.0,3.0,2.0
1958,1959.0,3.0,2.0
1959,1960.0,3.0,1.8
1960,1961.0,3.0,1.8
1961,1962.0,3.0,1.8
1962,1963.0,3.0,1.8
1963,1964.0,3.0,1.8
1964,1965.0,3.0,1.8
1965,1966.0,3.0,1.62
1966,1967.0,3.0,1.62
1967,1968.0,3.0,1.4580000000000002
1968,1969.0,3.0,1.4580000000000002
1969,1970.0,3.0,1.3122000000000003
1970,1971.0,3.0,1.3122000000000003
1971,1972.0,3.0,1.3122000000000003
1972,1973.0,3.0,1.3122000000000003
1973,1974.0,3.0,1.3122000000000003
1974,1975.0,3.0,1.3122000000000003
1975,1976.0,3.0,1.3122000000000003
1976,1977.0,3.0,1.3122000000000003
1977,1978.0,3.0,1.3122000000000003
1978,1979.0,3.0,1.3122000000000003
1979,1980.0,3.0,1.3122000000000003
1980,1981.0,3.0,1.3122000000000003
1981,1982.0,3.0,1.3122000000000003
1982,1983.0,3.0,1.3122000000000003
1983,1984.0,3.0,1.3122000000000003
1984,1985.0,3.0,1.3122000000000003
1985,1986.0,3.0,1.3122000000000003
1986,1987.0,3.0,1.1809800000000004
1987,1988.0,3.0,1.1809800000000004
1988,1989.0,3.0,1.1809800000000004
1989,1990.0,3.0,1.1809800000000004
1990,1991.0,3.0,1.0628820000000003
1991,1992.0,3.0,1.0628820000000003
1992,1993.0,3.0,1.0628820000000003
1993,1994.0,3.0,0.9565938000000003
1994,1995.0,3.0,0.9565938000000003
1995,1996.0,3.0,0.9565938000000003
1996,1997.0,3.0,0.9565938000000003
1997,1998.0,3.0,0.9565938000000003
1998,1999.0,3.0,0.9565938000000003
1999,2000.0,3.0,0.9565938000000003
2000,2001.0,3.0,0.8609344200000003
2001,2002.0,3.0,0.8609344200000003
2002,2003.0,3.0,0.7748409780000003
2003,2004.0,3.0,0.7748409780000003
2004,2005.0,3.0,0.7748409780000003
2005,2006.0,3.0,0.7748409780000003
2006,2007.0,3.0,0.7748409780000003
2007,2008.0,3.0,0.7748409780000003
2008,2009.0,3.0,0.7748409780000003
2009,2010.0,3.0,0.7748409780000003
2010,2011.0,3.0,0.7748409780000003
2011,2012.0,3.0,0.7748409780000003
2012,2013.0,3.0,0.6973568802000003
2013,2014.0,3.0,0.6973568802000003
2014,2015.0,3.0,0.6973568802000003
2015,2016.0,3.0,0.6973568802000003
2016,2017.0,3.0,0.6276211921800003
2017,2018.0,3.0,0.6276211921800003
2018,2019.0,3.0,0.5648590729620003
2019,2020.0,3.0,0.5648590729620003
2020,2021.0,3.0,0.5648590729620003
2021,2022.0,3.0,0.5648590729620003
2022,2023.0,3.0,0.5648590729620003
2023,2024.0,3.0,0.5648590729620003
2024,2025.0,3.0,0.5648590729620003
2025,2026.0,3.0,0.5648590729620003
2026,2027.0,3.0,0.5648590729620003
2027,2028.0,3.0,0.5648590729620003
2028,2029.0,3.0,0.5648590729620003
2029,2030.0,3.0,0.5648590729620003
2030,2031.0,3.0,0.5648590729620003
2031,2032.0,3.0,0.5648590729620003
2032,2033.0,3.0,0.5648590729620003
2033,2034.0,3.0,0.5648590729620003
2034,2035.0,3.0,0.5648590729620003
2035,2036.0,3.0,0.5648590729620003
2036,2037.0,3.0,0.5648590729620003
2037,2038.0,3.0,0.5648590729620003
2038,2039.0,3.0,0.5648590729620003
2039,2040.0,3.0,0.5648590729620003
2040,2041.0,3.0,0.5648590729620003
2041,2042.0,3.0,0.5648590729620003
2042,2043.0,3.0,0.5648590729620003
2043,2044.0,3.0,0.5648590729620003
2044,2045.0,3.0,0.5648590729620003
2045,2046.0,3.0,0.5648590729620003
2046,2047.0,3.0,0.5648590729620003
2047,2048.0,3.0,0.5648590729620003
2048,2049.0,3.0,0.5648590729620003
2049,2050.0,3.0,0.5648590729620003
2050,2051.0,3.0,0.5648590729620003
2051,2052.0,3.0,0.5648590729620003
2052,2053.0,3.0,0.5648590729620003
2053,2054.0,3.0,0.5648590729620003
2054,2055.0,3.0,0.5648590729620003
2055,2056.0,3.0,0.5648590729620003
2056,2057.0,3.0,0.5648590729620003
2057,2058.0,3.0,0.5083731656658003
2058,2059.0,3.0,0.5083731656658003
2059,2060.0,3.0,0.5083731656658003
2060,2061.0,3.0,0.5083731656658003
2061,2062.0,3.0,0.5083731656658003
2062,2063.0,3.0,0.5083731656658003
2063,2064.0,3.0,0.5083731656658003
2064,2065.0,3.0,0.5083731656658003
2065,2066.0,3.0,0.5083731656658003
2066,2067.0,3.0,0.5083731656658003
2067,2068.0,3.0,0.5083731656658003
2068,2069.0,3.0,0.5083731656658003
2069,2070.0,3.0,0.5083731656658003
2070,2071.0,3.0,0.5083731656658003
2071,2072.0,3.0,0.5083731656658003
2072,2073.0,3.0,0.5083731656658003
2073,2074.0,3.0,0.5083731656658003
2074,2075.0,3.0,0.5083731656658003
2075,2076.0,3.0,0.5083731656658003
2076,2077.0,3.0,0.5083731656658003
2077,2078.0,3.0,0.5083731656658003
2078,2079.0,3.0,0.5083731656658003
2079,2080.0,3.0,0.5083731656658003
2080,2081.0,3.0,0.5083731656658003
2081,2082.0,3.0,0.5083731656658003
2082,2083.0,3.0,0.5083731656658003
2083,2084.0,3.0,0.5083731656658003
2084,2085.0,3.0,0.5083731656658003
2085,2086.0,3.0,0.5083731656658003
2086,2087.0,3.0,0.5083731656658003
2087,2088.0,3.0,0.5083731656658003
2088,2089.0,3.0,0.5083731656658003
2089,2090.0,3.0,0.5083731656658003
2090,2091.0,3.0,0.5083731656658003
2091,2092.0,3.0,0.5083731656658003
2092,2093.0,3.0,0.5083731656658003
2093,2094.0,3.0,0.5083731656658003
2094,2095.0,3.0,0.5083731656658003
2095,2096.0,3.0,0.45753584909922024
2096,2097.0,3.0,0.4117822641892982
2097,2098.0,3.0,0.4117822641892982
2098,2099.0,3.0,0.4117822641892982
2099,2100.0,3.0,0.4117822641892982
2100,2101.0,3.0,0.3706040377703684
2101,2102.0,3.0,0.33354363399333153
2102,2103.0,3.0,0.33354363399333153
2103,2104.0,3.0,0.33354363399333153
2104,2105.0,3.0,0.33354363399333153
2105,2106.0,3.0,0.33354363399333153
2106,2107.0,3.0,0.33354363399333153
2107,2108.0,3.0,0.33354363399333153
2108,2109.0,3.0,0.33354363399333153
2109,2110.0,3.0,0.33354363399333153
2110,2111.0,3.0,0.33354363399333153
2111,2112.0,3.0,0.33354363399333153
2112,2113.0,3.0,0.33354363399333153
2113,2114.0,3.0,0.33354363399333153
2114,2115.0,3.0,0.33354363399333153
2115,2116.0,3.0,0.33354363399333153
2116,2117.0,3.0,0.33354363399333153
2117,2118.0,3.0,0.33354363399333153
2118,2119.0,3.0,0.33354363399333153
2119,2120.0,3.0,0.33354363399333153
2120,2121.0,3.0,0.33354363399333153
2121,2122.0,3.0,0.33354363399333153
2122,2123.0,3.0,0.33354363399333153
2123,2124.0,3.0,0.33354363399333153
2124,2125.0,3.0,0.33354363399333153
2125,2126.0,3.0,0.33354363399333153
2126,2127.0,3.0,0.33354363399333153
2127,2128.0,3.0,0.33354363399333153
2128,2129.0,3.0,0.33354363399333153
2129,2130.0,3.0,0.33354363399333153
2130,2131.0,3.0,0.33354363399333153
2131,2132.0,3.0,0.33354363399333153
2132,2133.0,3.0,0.33354363399333153
2133,2134.0,3.0,0.33354363399333153
2134,2135.0,3.0,0.33354363399333153
2135,2136.0,3.0,0.33354363399333153
2136,2137.0,3.0,0.33354363399333153
2137,2138.0,3.0,0.33354363399333153
2138,2139.0,3.0,0.33354363399333153
2139,2140.0,3.0,0.33354363399333153
2140,2141.0,3.0,0.33354363399333153
2141,2142.0,3.0,0.33354363399333153
2142,2143.0,3.0,0.33354363399333153
2143,2144.0,3.0,0.33354363399333153
2144,2145.0,3.0,0.33354363399333153
2145,2146.0,3.0,0.33354363399333153
2146,2147.0,3.0,0.33354363399333153
2147,2148.0,3.0,0.33354363399333153
2148,2149.0,3.0,0.33354363399333153
2149,2150.0,3.0,0.33354363399333153
2150,2151.0,3.0,0.33354363399333153
2151,2152.0,3.0,0.33354363399333153
2152,2153.0,3.0,0.33354363399333153
2153,2154.0,3.0,0.33354363399333153
2154,2155.0,3.0,0.33354363399333153
2155,2156.0,3.0,0.33354363399333153
2156,2157.0,3.0,0.33354363399333153
2157,2158.0,3.0,0.33354363399333153
2158,2159.0,3.0,0.33354363399333153
2159,2160.0,3.0,0.33354363399333153
2160,2161.0,3.0,0.33354363399333153
2161,2162.0,3.0,0.33354363399333153
2162,2163.0,3.0,0.33354363399333153
2163,2164.0,3.0,0.33354363399333153
2164,2165.0,3.0,0.33354363399333153
2165,2166.0,3.0,0.33354363399333153
2166,2167.0,3.0,0.33354363399333153
2167,2168.0,3.0,0.33354363399333153
2168,2169.0,3.0,0.33354363399333153
2169,2170.0,3.0,0.33354363399333153
2170,2171.0,3.0,0.33354363399333153
2171,2172.0,3.0,0.33354363399333153
2172,2173.0,3.0,0.33354363399333153
2173,2174.0,3.0,0.33354363399333153
2174,2175.0,3.0,0.33354363399333153
2175,2176.0,3.0,0.33354363399333153
2176,2177.0,3.0,0.33354363399333153
2177,2178.0,3.0,0.33354363399333153
2178,2179.0,3.0,0.33354363399333153
2179,2180.0,3.0,0.33354363399333153
2180,2181.0,3.0,0.33354363399333153
2181,2182.0,3.0,0.33354363399333153
2182,2183.0,3.0,0.33354363399333153
2183,2184.0,3.0,0.33354363399333153
2184,2185.0,3.0,0.33354363399333153
2185,2186.0,3.0,0.33354363399333153
2186,2187.0,3.0,0.33354363399333153
2187,2188.0,3.0,0.33354363399333153
2188,2189.0,3.0,0.33354363399333153
2189,2190.0,3.0,0.33354363399333153
2190,2191.0,3.0,0.33354363399333153
2191,2192.0,3.0,0.33354363399333153
2192,2193.0,3.0,0.33354363399333153
2193,2194.0,3.0,0.33354363399333153
2194,2195.0,3.0,0.33354363399333153
2195,2196.0,3.0,0.33354363399333153
2196,2197.0,3.0,0.33354363399333153
2197,2198.0,3.0,0.33354363399333153
2198,2199.0,3.0,0.33354363399333153
2199,2200.0,3.0,0.33354363399333153
2200,2201.0,3.0,0.33354363399333153
2201,2202.0,3.0,2.0
